user_id,amount,payment_date
319,55,2025-06-19
519,37,2025-07-22
493,38,2025-10-12
569,57,2025-08-25
285,83,2025-07-26
439,81,2025-12-20
570,13,2025-10-22
273,13,2025-08-09
316,53,2025-09-01
185,28,2025-10-22
410,18,2025-07-24
31,21,2025-10-07
385,63,2025-11-11
161,57,2025-11-24
332,82,2025-09-02
159,30,2025-12-02
83,44,2025-09-22
434,72,2025-12-14
279,37,2025-12-04
353,65,2025-04-10
498,77,2025-08-02
225,60,2025-04-01
209,48,2025-12-25
140,42,2025-06-11
122,10,2025-08-24
440,32,2025-05-13
545,100,2025-07-17
572,95,2025-10-03
406,15,2025-11-01
470,19,2025-12-11
589,64,2025-11-23
427,47,2025-08-13
21,51,2025-11-26
471,98,2025-10-03
447,23,2025-12-14
410,77,2025-06-13
317,53,2025-09-11
172,19,2025-12-21
116,77,2025-12-25
357,54,2025-11-08
105,28,2025-09-07
177,87,2025-12-25
77,32,2025-12-15
577,84,2025-12-22
578,92,2025-12-20
330,90,2025-10-05
450,18,2025-08-15
310,45,2025-12-02
360,74,2025-03-10
472,67,2025-07-02
377,46,2025-03-21
92,88,2025-12-13
473,84,2025-09-15
585,93,2025-08-11
487,74,2025-07-02
461,23,2025-12-23
86,74,2025-12-06
40,41,2025-11-15
536,76,2025-12-06
372,57,2025-05-13
418,53,2025-09-26
342,18,2025-11-04
571,96,2025-10-10
258,94,2025-12-11
83,84,2025-12-05
358,49,2025-09-05
86,49,2025-12-13
336,26,2025-12-03
433,75,2025-12-01
371,49,2025-10-07
349,72,2025-06-08
140,29,2025-03-10
103,74,2025-12-27
539,14,2025-11-11
134,86,2025-12-05
166,33,2025-12-25
169,66,2025-11-14
373,96,2025-12-15
291,67,2025-06-18
244,49,2025-11-27
198,57,2025-12-15
288,58,2025-11-06
204,87,2025-10-28
256,16,2025-11-16
380,80,2025-05-23
528,25,2025-12-03
164,44,2025-12-17
150,65,2025-03-08
461,54,2025-12-14
54,60,2025-12-12
241,59,2025-09-12
229,13,2025-10-04
343,28,2025-04-02
293,70,2025-12-27
142,100,2025-09-15
5,20,2025-01-09
220,29,2025-12-04
295,40,2025-06-04
48,40,2025-10-21
468,18,2025-08-27
511,86,2025-05-21
527,83,2025-09-23
147,47,2025-12-01
361,40,2025-11-14
191,95,2025-12-03
536,56,2025-04-17
557,74,2025-10-18
20,59,2025-09-02
396,57,2025-12-24
16,55,2025-03-12
246,94,2025-09-25
595,52,2025-10-02
360,79,2025-07-27
179,97,2025-12-23
490,90,2025-10-26
138,18,2025-09-02
300,35,2025-01-26
204,15,2025-11-10
527,60,2025-12-16
259,14,2025-12-07
292,55,2025-10-28
339,44,2025-12-26
376,65,2025-12-24
450,59,2025-06-06
508,98,2025-12-12
531,44,2025-03-24
434,20,2025-11-20
184,79,2025-12-11
105,20,2025-09-22
302,49,2025-09-20
436,31,2025-12-12
457,15,2025-12-20
445,45,2025-12-26
58,19,2025-11-12
525,96,2025-10-01
146,87,2025-12-02
129,18,2025-07-25
375,56,2025-11-19
33,87,2025-06-22
460,57,2025-09-15
78,83,2025-08-17
375,60,2025-10-21
285,41,2025-05-01
190,73,2025-12-13
575,25,2025-07-25
266,100,2025-08-07
292,98,2025-11-07
125,27,2025-03-15
176,66,2025-07-26
327,95,2025-10-23
66,80,2025-11-10
307,30,2025-05-26
370,75,2025-06-04
205,27,2025-08-26
505,13,2025-07-18
586,57,2025-11-26
564,26,2025-12-03
67,49,2025-09-23
490,77,2025-11-25
419,83,2025-08-05
324,92,2025-07-15
477,97,2025-12-12
131,80,2025-12-19
186,26,2025-11-17
56,25,2025-11-10
168,30,2025-06-23
230,54,2025-11-10
80,42,2025-12-21
564,45,2025-09-21
310,88,2025-12-03
514,92,2025-11-19
594,29,2025-05-22
345,82,2025-03-27
29,20,2025-04-21
590,43,2025-11-25
585,63,2025-11-21
31,73,2025-12-18
296,92,2025-12-16
250,97,2025-09-10
464,19,2025-11-06
450,63,2025-08-15
208,53,2025-11-11
326,54,2025-12-05
379,75,2025-11-11
247,69,2025-05-09
460,41,2025-08-04
51,47,2025-09-28
428,41,2025-10-27
335,83,2025-10-07
163,73,2025-10-15
510,49,2025-12-01
92,60,2025-12-15
246,37,2025-11-02
51,46,2025-10-20
481,46,2025-11-28
110,65,2025-04-09
374,61,2025-10-02
410,16,2025-10-18
199,56,2025-12-03
395,74,2025-11-25
563,45,2025-12-05
99,60,2025-12-26
347,81,2025-10-25
147,35,2025-12-17
41,15,2025-06-05
341,70,2025-12-05
527,27,2025-10-20
326,30,2025-12-20
306,85,2025-12-17
521,78,2025-10-23
576,48,2025-12-27
17,57,2025-11-22
112,63,2025-12-10
27,86,2025-11-09
592,83,2025-05-24
52,84,2025-12-06
536,90,2025-12-25
389,28,2025-08-02
586,99,2025-08-07
19,66,2025-11-14
155,62,2025-10-14
513,88,2025-10-28
63,100,2025-05-17
212,81,2025-10-22
489,77,2025-10-11
177,68,2025-12-18
362,96,2025-12-22
270,88,2025-12-07
252,45,2025-11-10
230,48,2025-07-23
212,98,2025-12-11
491,54,2025-09-10
124,83,2025-11-13
404,54,2025-11-10
43,46,2025-08-12
452,93,2025-10-24
490,37,2025-10-27
551,44,2025-11-05
111,88,2025-12-08
248,16,2025-12-17
231,91,2025-04-02
102,62,2025-08-23
483,22,2025-10-01
563,30,2025-12-21
487,71,2025-08-25
294,51,2025-09-21
60,21,2025-12-19
237,78,2025-08-06
427,32,2025-08-27
406,73,2025-09-24
296,14,2025-11-10
581,87,2025-12-11
291,68,2025-11-17
505,27,2025-10-15
279,34,2025-08-11
166,68,2025-12-09
190,11,2025-12-11
302,82,2025-12-25
197,32,2025-10-28
415,64,2025-12-11
88,61,2025-11-04
189,27,2025-09-11
254,10,2025-09-13
241,67,2025-11-11
309,84,2025-09-09
368,98,2025-07-02
121,69,2025-05-06
415,97,2025-12-23
318,98,2025-04-21
302,57,2025-11-08
224,27,2025-10-05
465,87,2025-12-14
562,70,2025-11-26
223,41,2025-05-17
457,77,2025-12-03
577,24,2025-12-27
560,74,2025-04-19
549,29,2025-07-11
532,66,2025-04-22
210,84,2025-11-03
522,67,2025-12-02
464,26,2025-12-15
577,17,2025-12-22
315,12,2025-11-09
3,37,2025-11-02
433,54,2025-12-18
61,18,2025-08-02
293,62,2025-10-25
138,92,2025-12-14
383,58,2025-10-28
386,58,2025-10-22
552,27,2025-09-04
182,78,2025-11-17
130,38,2025-01-25
23,48,2025-09-22
557,64,2025-10-13
235,41,2025-08-12
158,45,2025-04-24
115,14,2025-11-20
16,40,2025-05-03
103,86,2025-04-15
49,41,2025-08-13
449,39,2025-11-25
57,27,2025-12-08
589,50,2025-10-08
309,28,2025-10-14
307,45,2025-03-18
179,90,2025-12-18
507,16,2025-09-21
390,77,2025-10-23
426,62,2025-11-10
385,33,2025-12-16
246,38,2025-11-28
147,69,2025-11-18
422,63,2025-12-13
248,42,2025-05-11
80,67,2025-12-03
548,34,2025-10-09
386,96,2025-12-20
40,19,2025-07-26
572,37,2025-11-07
340,48,2025-04-07
194,25,2025-12-08
209,60,2025-12-18
329,46,2025-10-15
546,93,2025-10-10
267,56,2025-12-15
100,70,2025-12-07
379,50,2025-12-02
576,38,2025-11-01
267,80,2025-12-10
156,35,2025-06-08
388,82,2025-08-16
563,93,2025-12-09
500,92,2025-12-15
172,55,2025-10-05
559,72,2025-06-18
60,77,2025-07-27
76,95,2025-08-25
6,62,2025-06-27
236,18,2025-04-01
223,74,2025-11-12
61,89,2025-11-22
494,94,2025-12-01
6,78,2025-12-14
12,12,2025-11-24
281,78,2025-08-01
514,99,2025-12-26
183,23,2025-05-17
152,40,2025-10-20
539,42,2025-06-09
406,20,2025-10-13
470,82,2025-07-23
231,48,2025-11-27
82,93,2025-08-03
415,58,2025-11-18
487,17,2025-05-23
175,20,2025-10-28
444,92,2025-09-19
97,77,2025-11-08
216,98,2025-12-09
47,19,2025-12-09
556,82,2025-05-06
322,12,2025-04-19
147,60,2025-11-10
166,82,2025-08-19
398,96,2025-11-11
393,27,2025-06-17
354,16,2025-08-14
237,19,2025-10-20
406,51,2025-08-21
279,67,2025-11-08
364,80,2025-11-14
190,97,2025-12-22
389,20,2025-09-26
252,19,2025-07-09
157,58,2025-12-26
157,59,2025-09-12
109,21,2025-09-10
455,56,2025-07-04
135,21,2025-07-14
459,81,2025-12-04
26,21,2025-07-18
95,86,2025-12-26
332,59,2025-09-10
423,59,2025-09-24
572,41,2025-12-17
173,97,2025-10-06
142,44,2025-08-09
504,28,2025-06-06
445,45,2025-11-10
495,19,2025-12-09
252,90,2025-10-20
200,68,2025-05-05
311,10,2025-12-11
389,52,2025-12-11
440,93,2025-12-05
307,51,2025-12-23
205,71,2025-09-06
407,50,2025-09-24
502,83,2025-11-11
385,45,2025-11-12
116,82,2025-12-19
558,33,2025-11-01
472,100,2025-08-15
298,98,2025-11-27
418,96,2025-12-05
310,40,2025-10-22
157,64,2025-10-03
459,86,2025-12-19
410,78,2025-10-28
428,79,2025-09-26
368,99,2025-12-20
87,23,2025-05-22
363,31,2025-09-19
409,52,2025-08-04
10,22,2025-08-08
522,76,2025-10-19
589,38,2025-12-12
400,69,2025-12-23
512,29,2025-07-01
494,23,2025-12-14
87,24,2025-04-12
319,53,2025-09-26
211,76,2025-12-12
487,22,2025-12-24
463,50,2025-03-10
45,100,2025-09-01
351,92,2025-10-22
168,41,2025-09-06
565,30,2025-11-18
436,69,2025-10-26
414,90,2025-06-06
442,60,2025-09-24
202,67,2025-12-14
398,10,2025-06-07
285,100,2025-05-19
104,78,2025-10-12
333,35,2025-12-04
268,95,2025-10-17
320,86,2025-09-20
401,85,2025-11-12
360,68,2025-11-06
304,88,2025-12-03
137,50,2025-08-08
312,24,2025-07-12
144,75,2025-11-14
141,83,2025-12-14
190,72,2025-12-18
177,81,2025-12-16
295,27,2025-04-11
461,89,2025-12-28
367,11,2025-12-05
199,59,2025-12-14
503,63,2025-11-16
171,20,2025-09-26
225,47,2025-04-09
230,78,2025-07-06
468,82,2025-11-18
523,24,2025-05-09
556,56,2025-05-25
451,79,2025-10-14
104,93,2025-10-10
33,67,2025-08-12
89,66,2025-02-25
242,36,2025-12-28
438,31,2025-07-26
211,36,2025-09-19
359,78,2025-09-20
551,31,2025-11-23
299,47,2025-11-09
526,96,2025-03-05
421,17,2025-11-28
129,99,2025-06-08
149,51,2025-06-25
402,72,2025-04-19
275,90,2025-10-13
462,19,2025-09-13
527,45,2025-10-15
499,51,2025-11-28
95,68,2025-10-28
64,78,2025-12-07
439,37,2025-11-09
330,46,2025-10-18
591,26,2025-11-28
496,53,2025-04-02
101,90,2025-08-01
127,30,2025-12-15
0,64,2025-05-23
135,93,2025-09-06
280,21,2025-11-09
84,57,2025-12-21
169,16,2025-12-21
312,99,2025-12-08
439,93,2025-10-23
97,10,2025-11-16
79,26,2025-12-17
455,11,2025-03-23
351,25,2025-11-23
135,71,2025-06-08
392,21,2025-12-04
320,57,2025-08-05
391,27,2025-12-22
146,18,2025-11-20
168,66,2025-06-24
218,90,2025-12-14
453,37,2025-08-04
143,25,2025-10-24
393,54,2025-11-11
143,41,2025-08-21
86,41,2025-12-20
291,98,2025-03-28
308,36,2025-11-24
401,47,2025-11-26
245,73,2025-11-04
246,73,2025-09-17
12,56,2025-08-05
396,82,2025-12-12
559,97,2025-06-25
482,19,2025-08-19
69,11,2025-08-07
40,17,2025-10-17
293,90,2025-12-17
425,64,2025-08-03
549,78,2025-10-05
284,20,2025-05-03
523,36,2025-06-18
334,60,2025-10-21
67,49,2025-09-24
244,17,2025-07-03
444,24,2025-11-20
56,49,2025-11-04
12,100,2025-05-23
11,30,2025-12-12
535,76,2025-12-09
170,57,2025-04-24
275,25,2025-07-11
439,44,2025-12-03
269,83,2025-08-16
466,75,2025-07-02
511,82,2025-07-12
161,42,2025-09-19
118,39,2025-12-01
45,11,2025-10-02
483,56,2025-12-05
183,14,2025-12-26
429,38,2025-09-08
426,50,2025-12-27
79,83,2025-12-04
514,96,2025-11-06
228,76,2025-12-13
70,69,2025-06-25
318,51,2025-04-18
467,11,2025-12-07
298,82,2025-12-24
248,69,2025-07-19
505,35,2025-10-25
251,29,2025-03-14
24,39,2025-12-12
9,52,2025-12-25
385,49,2025-10-07
542,40,2025-08-16
61,28,2025-12-09
95,15,2025-09-28
532,62,2025-08-15
86,84,2025-10-17
136,91,2025-12-03
581,17,2025-12-22
133,40,2025-09-09
322,60,2025-12-27
334,50,2025-09-09
239,19,2025-09-05
598,23,2025-08-04
168,67,2025-08-11
416,25,2025-12-25
212,67,2025-09-15
271,25,2025-10-06
311,100,2025-12-07
335,28,2025-06-23
254,55,2025-10-17
50,96,2025-05-09
178,13,2025-11-28
463,81,2025-10-08
96,69,2025-05-26
143,25,2025-06-02
227,26,2025-11-27
410,57,2025-11-21
86,84,2025-12-09
76,12,2025-08-07
454,26,2025-04-28
339,25,2025-12-15
51,31,2025-12-14
404,73,2025-11-13
436,32,2025-11-07
191,45,2025-06-15
152,14,2025-12-20
251,92,2025-07-16
421,80,2025-11-02
89,45,2025-07-05
429,35,2025-12-26
538,41,2025-12-26
556,12,2025-11-26
367,71,2025-12-12
579,74,2025-10-13
276,33,2025-08-11
224,13,2025-07-02
483,77,2025-11-25
598,39,2025-08-04
253,94,2025-12-09
546,17,2025-09-19
397,55,2025-10-06
242,85,2025-12-26
367,85,2025-12-23
360,82,2025-11-05
576,34,2025-12-18
316,32,2025-10-02
92,17,2025-07-20
224,12,2025-11-16
0,52,2025-11-07
133,53,2025-07-26
331,17,2025-06-05
145,24,2025-12-03
382,100,2025-09-19
103,53,2025-08-11
139,30,2025-12-14
498,93,2025-09-06
575,98,2025-12-26
365,38,2025-12-19
179,58,2025-12-24
301,26,2025-08-24
1,99,2025-11-28
581,14,2025-12-20
325,88,2025-07-21
579,23,2025-11-05
339,19,2025-12-12
327,31,2025-08-27
343,67,2025-02-09
214,41,2025-12-03
358,42,2025-04-24
1,16,2025-11-15
429,31,2025-10-16
387,54,2025-10-13
103,71,2025-07-06
462,19,2025-09-10
20,50,2025-06-04
75,53,2025-05-13
164,19,2025-09-11
494,100,2025-12-14
168,87,2025-07-06
54,22,2025-11-07
194,62,2025-11-22
288,48,2025-08-04
50,60,2025-10-18
502,29,2025-11-12
3,64,2025-11-10
491,35,2025-06-01
211,31,2025-11-03
484,24,2025-10-26
407,70,2025-10-22
271,21,2025-12-18
396,33,2025-12-13
378,33,2025-12-02
269,66,2025-11-09
231,44,2025-10-02
154,99,2025-11-03
352,79,2025-11-25
232,80,2025-02-27
396,76,2025-12-18
486,83,2025-12-16
306,20,2025-12-28
35,74,2025-12-04
459,32,2025-11-07
197,26,2025-01-14
80,97,2025-12-07
151,86,2025-07-11
68,21,2025-12-18
406,80,2025-10-28
282,76,2025-12-28
12,99,2025-12-19
535,63,2025-10-14
153,28,2025-10-19
596,22,2025-06-19
103,46,2025-12-12
420,43,2025-08-21
497,83,2025-10-16
38,32,2025-05-13
147,89,2025-12-02
405,52,2025-11-08
50,70,2025-05-12
20,53,2025-06-10
287,72,2025-05-28
233,27,2025-08-24
453,51,2025-10-24
426,87,2025-11-07
452,37,2025-11-24
496,76,2025-09-27
57,75,2025-11-03
318,100,2025-11-13
138,77,2025-11-01
177,34,2025-12-27
59,41,2025-06-15
51,56,2025-06-09
377,69,2025-10-13
126,97,2025-02-08
381,72,2025-12-06
485,85,2025-10-12
167,43,2025-06-10
28,59,2025-03-06
585,37,2025-08-21
230,96,2025-06-09
419,75,2025-08-28
9,70,2025-12-21
177,86,2025-12-08
258,87,2025-12-23
281,64,2025-10-28
357,68,2025-12-07
477,48,2025-12-17
406,84,2025-08-01
523,94,2025-09-18
289,48,2025-04-16
65,53,2025-11-21
332,45,2025-11-21
305,34,2025-07-17
246,17,2025-12-22
327,97,2025-09-24
26,93,2025-09-10
265,63,2025-11-13
36,84,2025-11-11
227,97,2025-12-22
367,74,2025-12-28
174,94,2025-11-06
300,22,2025-08-05
264,81,2025-06-22
343,93,2025-03-08
363,38,2025-11-14
339,57,2025-12-19
301,69,2025-07-16
54,91,2025-12-19
72,70,2025-07-17
122,97,2025-07-17
305,62,2025-06-28
154,27,2025-11-11
419,82,2025-11-05
323,33,2025-03-16
340,90,2025-06-11
59,10,2025-09-09
214,31,2025-12-25
162,72,2025-09-05
444,91,2025-10-13
439,71,2025-11-01
38,78,2025-04-24
382,11,2025-08-25
543,34,2025-09-22
4,90,2025-05-08
352,49,2025-09-04
392,74,2025-12-06
66,15,2025-07-10
466,76,2025-11-17
345,65,2025-05-11
501,55,2025-11-06
413,12,2025-09-08
134,37,2025-12-19
516,31,2025-09-12
38,58,2025-11-09
547,89,2025-04-20
49,94,2025-08-21
20,16,2025-03-14
454,58,2025-04-18
258,70,2025-12-07
9,48,2025-12-22
103,94,2025-12-09
140,63,2025-03-17
120,46,2025-10-26
108,73,2025-05-20
204,43,2025-10-12
419,47,2025-09-02
561,73,2025-04-23
492,52,2025-08-01
13,95,2025-06-04
587,95,2025-12-05
92,75,2025-05-24
103,42,2025-07-15
303,43,2025-09-02
102,32,2025-12-02
297,56,2025-12-14
118,22,2025-08-01
141,94,2025-10-11
366,66,2025-12-09
95,57,2025-10-06
116,61,2025-12-15
278,59,2025-12-28
489,63,2025-12-26
170,24,2025-04-23
60,30,2025-07-14
494,82,2025-12-06
388,55,2025-05-28
133,71,2025-12-04
421,66,2025-10-03
267,93,2025-12-01
537,83,2025-11-08
346,76,2025-12-14
254,71,2025-09-22
394,29,2025-12-20
55,11,2025-07-17
480,73,2025-07-03
503,51,2025-09-11
284,16,2025-09-08
563,92,2025-12-13
240,20,2025-12-15
586,67,2025-08-28
510,67,2025-10-04
509,93,2025-09-04
413,62,2025-08-18
562,10,2025-07-26
311,75,2025-12-21
467,53,2025-12-27
55,38,2025-12-11
573,89,2025-11-16
372,67,2025-02-04
227,10,2025-12-12
298,80,2025-12-23
108,15,2025-04-16
143,62,2025-06-09
200,34,2025-05-28
402,37,2025-09-27
195,53,2025-10-25
424,15,2025-12-27
126,67,2025-09-22
516,27,2025-12-01
543,16,2025-12-27
599,71,2025-09-25
181,98,2025-06-24
131,23,2025-10-22
329,74,2025-10-14
254,45,2025-10-11
301,67,2025-08-05
422,87,2025-12-27
560,50,2025-12-24
566,90,2025-09-07
214,89,2025-12-10
353,96,2025-05-23
182,74,2025-12-23
330,100,2025-06-25
360,81,2025-09-19
584,95,2025-12-14
546,46,2025-11-26
13,76,2025-06-01
390,28,2025-08-22
57,35,2025-12-25
164,46,2025-11-05
63,98,2025-07-07
554,14,2025-11-27
463,23,2025-11-28
575,38,2025-11-13
243,75,2025-10-23
48,58,2025-10-14
320,80,2025-06-01
257,35,2025-11-28
453,38,2025-10-25
559,87,2025-07-25
198,47,2025-12-06
76,33,2025-09-24
526,25,2025-08-02
438,45,2025-09-05
164,84,2025-11-01
338,69,2025-12-02
157,51,2025-11-02
308,72,2025-12-03
325,77,2025-07-06
533,18,2025-12-17
163,63,2025-10-18
413,21,2025-10-08
218,94,2025-12-11
369,47,2025-08-25
543,70,2025-09-04
354,67,2025-09-21
249,15,2025-09-13
116,59,2025-12-18
289,13,2025-11-27
383,75,2025-11-15
498,15,2025-08-21
197,51,2025-09-03
98,31,2025-11-18
7,90,2025-10-07
218,97,2025-12-27
106,36,2025-12-27
445,92,2025-10-24
157,13,2025-10-23
339,14,2025-12-03
55,32,2025-09-18
72,83,2025-07-09
417,59,2025-08-21
414,65,2025-09-01
398,96,2025-04-18
6,92,2025-05-25
599,15,2025-12-28
74,55,2025-10-04
296,97,2025-12-20
88,46,2025-08-13
404,94,2025-11-16
160,78,2025-06-05
400,79,2025-07-21
147,48,2025-12-01
566,81,2025-09-04
42,10,2025-12-20
403,78,2025-11-03
312,36,2025-11-24
352,37,2025-11-21
524,28,2025-10-06
226,88,2025-06-07
117,33,2025-09-28
562,69,2025-12-18
74,47,2025-12-03
256,22,2025-04-24
594,72,2025-08-12
131,95,2025-12-08
102,46,2025-10-03
198,50,2025-12-15
336,88,2025-08-23
598,29,2025-11-19
373,50,2025-12-06
4,50,2025-05-26
226,92,2025-08-09
368,27,2025-09-16
473,67,2025-11-25
312,72,2025-10-04
179,92,2025-12-27
287,27,2025-12-07
269,90,2025-08-24
77,12,2025-05-27
595,84,2025-11-25
217,14,2025-12-09
556,79,2025-12-21
152,56,2025-11-08
297,27,2025-12-17
522,21,2025-09-12
514,11,2025-11-28
169,75,2025-11-15
163,32,2025-11-19
149,71,2025-08-02
224,72,2025-06-03
270,57,2025-10-02
211,76,2025-11-13
480,68,2025-05-02
331,23,2025-11-17
280,43,2025-10-13
387,56,2025-11-21
79,76,2025-12-13
228,76,2025-12-12
353,72,2025-10-20
6,74,2025-06-15
169,39,2025-11-17
287,37,2025-06-06
161,56,2025-09-22
235,63,2025-06-24
116,71,2025-12-16
215,85,2025-09-21
420,12,2025-05-02
130,83,2025-10-06
137,90,2025-12-02
586,28,2025-08-06
264,33,2025-12-13
577,91,2025-12-24
290,20,2025-12-15
482,71,2025-09-08
420,86,2025-04-26
596,33,2025-10-22
523,43,2025-06-24
350,68,2025-12-19
70,39,2025-08-13
135,23,2025-05-07
535,74,2025-12-14
153,87,2025-06-06
487,88,2025-05-26
544,74,2025-02-03
493,94,2025-10-20
552,10,2025-10-17
430,57,2025-08-23
542,64,2025-05-26
493,58,2025-11-19
589,22,2025-11-05
260,71,2025-04-28
85,46,2025-12-18
418,42,2025-10-01
7,83,2025-12-04
532,10,2025-09-21
210,98,2025-11-14
370,23,2025-05-14
599,42,2025-05-28
548,64,2025-12-12
282,97,2025-12-25
208,62,2025-12-06
379,81,2025-12-09
314,83,2025-09-25
407,27,2025-12-04
235,67,2025-12-06
102,37,2025-10-13
346,80,2025-12-06
398,91,2025-03-26
93,28,2025-12-20
445,21,2025-10-09
227,57,2025-11-20
38,59,2025-07-20
533,46,2025-11-20
58,32,2025-12-15
10,35,2025-12-10
199,14,2025-12-20
173,96,2025-04-12
244,93,2025-04-06
88,45,2025-07-12
404,61,2025-11-17
15,100,2025-03-03
562,46,2025-12-27
572,84,2025-10-12
283,38,2025-10-07
465,61,2025-12-09
179,62,2025-12-18
74,74,2025-06-11
119,75,2025-09-18
588,42,2025-12-15
386,82,2025-11-25
249,53,2025-11-22
471,85,2025-05-16
119,43,2025-06-13
225,96,2025-07-26
323,62,2025-07-17
548,11,2025-12-27
269,41,2025-10-03
408,96,2025-11-03
567,32,2025-11-11
362,37,2025-12-09
187,97,2025-10-16
204,40,2025-10-28
271,36,2025-10-07
255,89,2025-11-05
109,25,2025-09-22
504,88,2025-06-25
554,15,2025-11-12
322,73,2025-10-28
281,72,2025-06-25
523,45,2025-10-08
590,26,2025-11-17
433,71,2025-12-17
355,60,2025-12-25
178,68,2025-06-23
530,68,2025-10-23
8,11,2025-07-13
594,22,2025-08-12
265,33,2025-09-08
275,70,2025-11-11
374,33,2025-12-14
215,63,2025-10-12
410,45,2025-09-06
585,26,2025-11-22
234,22,2025-12-26
241,81,2025-12-28
390,35,2025-09-26
153,70,2025-12-01
180,63,2025-08-05
529,78,2025-08-26
498,48,2025-08-18
581,16,2025-12-04
167,17,2025-08-27
260,70,2025-11-04
460,52,2025-09-12
368,81,2025-12-26
263,54,2025-09-14
124,54,2025-12-07
590,83,2025-11-25
291,55,2025-08-22
522,72,2025-12-24
457,20,2025-12-20
293,69,2025-12-05
171,91,2025-11-14
585,61,2025-07-03
165,53,2025-10-11
324,93,2025-09-23
273,87,2025-12-13
277,66,2025-09-24
533,67,2025-09-06
188,12,2025-10-24
240,94,2025-12-24
81,36,2025-11-13
105,22,2025-07-16
561,16,2025-01-25
406,77,2025-08-04
268,89,2025-08-03
399,49,2025-11-08
290,66,2025-12-05
539,31,2025-01-02
365,51,2025-10-15
553,44,2025-10-15
138,99,2025-10-06
467,90,2025-12-17
546,49,2025-10-16
552,39,2025-05-15
315,56,2025-11-09
159,48,2025-03-01
535,27,2025-11-10
480,78,2025-05-23
503,71,2025-10-01
440,47,2025-12-08
7,80,2025-11-07
421,81,2025-11-13
255,30,2025-12-27
387,38,2025-06-03
432,90,2025-07-17
278,46,2025-12-24
544,44,2025-07-07
70,33,2025-04-10
113,91,2025-08-20
463,44,2025-11-16
192,51,2025-06-05
50,78,2025-01-06
104,46,2025-11-05
448,11,2025-08-03
154,11,2025-12-07
350,63,2025-10-26
510,57,2025-12-23
32,52,2025-04-27
149,17,2025-07-25
401,19,2025-12-06
196,42,2025-07-27
12,25,2025-06-13
453,41,2025-08-07
471,22,2025-08-16
398,97,2025-07-11
162,90,2025-09-24
562,76,2025-07-09
492,91,2025-09-07
369,16,2025-08-04
241,91,2025-12-11
15,31,2025-06-19
122,60,2025-04-01
43,84,2025-11-23
158,57,2025-02-08
161,73,2025-09-22
346,90,2025-12-02
364,92,2025-09-23
549,23,2025-07-16
238,50,2025-11-26
449,34,2025-11-23
386,55,2025-12-05
256,15,2025-08-23
448,81,2025-09-18
501,34,2025-11-18
356,51,2025-09-09
567,30,2025-10-17
158,67,2025-05-27
269,79,2025-10-15
0,91,2025-10-13
189,12,2025-11-28
372,89,2025-04-11
64,94,2025-12-07
536,97,2025-10-25
564,29,2025-12-10
330,62,2025-10-04
98,76,2025-12-03
44,26,2025-05-28
32,35,2025-04-16
196,22,2025-01-19
397,94,2025-11-17
262,16,2025-11-08
72,11,2025-07-21
503,20,2025-11-26
62,56,2025-11-27
377,100,2025-02-27
272,77,2025-01-24
72,48,2025-05-07
531,22,2025-03-24
236,78,2025-08-07
197,77,2025-11-08
583,90,2025-12-18
571,63,2025-12-04
590,55,2025-12-23
437,23,2025-03-26
184,80,2025-12-17
345,94,2025-05-18
453,55,2025-10-18
332,57,2025-12-25
440,51,2025-12-08
576,79,2025-11-13
563,42,2025-12-15
458,60,2025-02-24
35,46,2025-12-17
138,48,2025-02-10
227,37,2025-12-01
282,80,2025-11-04
38,68,2025-06-05
141,43,2025-11-19
255,39,2025-11-26
307,21,2025-12-13
582,37,2025-11-24
332,71,2025-10-16
590,22,2025-12-02
590,58,2025-11-25
57,52,2025-12-27
444,63,2025-05-28
232,93,2025-11-01
391,16,2025-11-17
42,50,2025-12-19
153,51,2025-10-23
226,29,2025-02-22
402,67,2025-11-19
516,21,2025-10-14
296,60,2025-11-05
344,20,2025-12-19
50,80,2025-07-09
87,61,2025-10-14
133,27,2025-12-18
202,72,2025-11-21
585,35,2025-11-20
536,41,2025-06-03
272,65,2025-06-22
589,21,2025-06-22
423,64,2025-11-12
195,51,2025-11-20
24,49,2025-06-12
452,89,2025-09-15
45,39,2025-10-22
382,29,2025-04-04
55,41,2025-07-28
294,11,2025-09-23
113,49,2025-08-16
23,52,2025-05-24
550,37,2025-10-18
535,43,2025-12-16
144,98,2025-08-13
596,94,2025-10-02
261,31,2025-07-10
205,99,2025-11-09
54,69,2025-12-01
68,59,2025-11-22
368,23,2025-04-10
395,39,2025-11-17
101,50,2025-08-28
544,21,2025-03-07
512,68,2025-10-23
22,15,2025-10-17
312,52,2025-09-13
160,12,2025-08-22
360,55,2025-12-10
241,74,2025-11-26
63,90,2025-07-13
30,81,2025-12-08
155,53,2025-12-22
140,21,2025-08-17
232,63,2025-05-19
156,64,2025-05-20
337,67,2025-12-05
211,93,2025-10-19
554,97,2025-10-28
141,49,2025-10-14
148,93,2025-07-11
69,81,2025-10-24
121,33,2025-06-27
149,13,2025-08-14
421,48,2025-11-24
280,29,2025-10-04
134,33,2025-12-25
273,87,2025-11-20
236,86,2025-05-08
26,55,2025-03-23
488,27,2025-12-28
480,93,2025-10-06
396,72,2025-12-05
167,34,2025-08-02
418,11,2025-11-14
227,95,2025-11-25
209,18,2025-12-15
501,98,2025-12-28
468,41,2025-11-13
42,87,2025-11-24
320,60,2025-10-24
585,86,2025-11-17
39,76,2025-07-15
467,15,2025-12-17
550,60,2025-12-02
571,59,2025-11-25
50,34,2025-05-15
407,48,2025-09-15
170,64,2025-06-20
55,98,2025-07-15
462,21,2025-09-06
599,99,2025-09-05
402,62,2025-07-15
25,32,2025-09-19
206,68,2025-12-09
331,98,2025-11-23
167,25,2025-06-04
460,91,2025-09-03
536,100,2025-09-24
523,88,2025-06-13
563,58,2025-12-25
174,52,2025-12-28
153,30,2025-12-05
183,16,2025-10-10
316,67,2025-09-21
185,25,2025-07-07
3,89,2025-12-01
469,73,2025-12-18
5,87,2025-08-08
222,85,2025-11-15
419,66,2025-08-20
6,41,2025-12-09
570,36,2025-01-06
151,17,2025-08-02
148,14,2025-09-11
89,16,2025-02-14
182,30,2025-10-20
586,81,2025-09-15
592,56,2025-02-03
306,51,2025-12-13
69,64,2025-12-18
66,47,2025-10-05
124,98,2025-07-11
539,62,2025-09-07
214,88,2025-10-04
585,90,2025-11-03
495,98,2025-12-14
324,43,2025-11-19
362,26,2025-12-19
508,76,2025-12-16
184,88,2025-11-23
297,34,2025-12-04
24,69,2025-05-24
212,88,2025-11-14
46,52,2025-12-18
217,11,2025-09-23
288,42,2025-06-10
307,74,2025-11-11
6,24,2025-09-11
405,82,2025-10-01
179,34,2025-12-27
346,96,2025-12-16
36,92,2025-11-16
159,90,2025-10-28
549,52,2025-09-26
423,17,2025-11-19
323,81,2025-10-01
213,83,2025-12-11
362,18,2025-10-09
31,53,2025-08-21
547,31,2025-10-06
119,49,2025-10-23
32,44,2025-09-03
508,40,2025-11-15
309,37,2025-11-06
114,57,2025-01-25
206,21,2025-12-17
25,71,2025-10-05
194,53,2025-12-24
536,49,2025-08-05
100,76,2025-11-07
37,68,2025-07-23
534,24,2025-12-10
45,97,2025-09-11
478,15,2025-08-17
319,12,2025-10-25
319,91,2025-07-11
205,34,2025-09-09
545,50,2025-11-22
120,44,2025-10-06
280,24,2025-09-20
573,75,2025-03-07
555,54,2025-11-11
277,28,2025-12-26
290,83,2025-12-06
72,49,2025-09-18
454,16,2025-05-01
482,96,2025-08-04
392,16,2025-12-14
401,32,2025-12-20
364,49,2025-10-27
202,95,2025-12-03
476,82,2025-10-03
479,22,2025-11-10
476,70,2025-10-08
147,88,2025-12-12
401,33,2025-12-26
332,68,2025-12-01
66,70,2025-04-12
490,69,2025-10-10
356,87,2025-11-05
520,23,2025-12-27
109,51,2025-09-26
309,78,2025-12-13
423,40,2025-10-18
162,71,2025-12-03
348,36,2025-12-26
445,82,2025-11-18
241,32,2025-09-24
587,72,2025-12-19
474,51,2025-11-27
455,32,2025-07-13
71,86,2025-06-22
388,51,2025-12-21
62,21,2025-08-27
142,84,2025-12-21
0,28,2025-12-05
463,78,2025-06-13
591,67,2025-05-07
324,48,2025-11-26
311,65,2025-12-03
596,11,2025-10-17
413,26,2025-10-02
378,80,2025-05-01
573,55,2025-03-28
288,13,2025-08-14
403,90,2025-09-23
391,61,2025-11-14
558,37,2025-05-16
142,34,2025-10-13
368,63,2025-06-10
128,27,2025-07-03
16,28,2025-09-22
447,27,2025-12-05
425,68,2025-11-14
184,68,2025-12-18
460,59,2025-09-08
190,64,2025-12-01
591,73,2025-05-23
513,44,2025-09-18
590,56,2025-11-02
581,71,2025-12-04
594,71,2025-04-05
539,45,2025-08-17
80,76,2025-12-08
483,90,2025-09-22
552,84,2025-08-20
54,53,2025-12-25
11,70,2025-12-17
480,83,2025-10-14
361,47,2025-09-06
36,98,2025-12-24
577,43,2025-12-21
484,84,2025-09-19
52,94,2025-12-26
27,46,2025-11-03
129,74,2025-05-28
284,42,2025-03-20
287,45,2025-08-01
114,87,2025-03-19
154,94,2025-12-12
179,43,2025-12-16
185,77,2025-12-02
351,20,2025-10-20
157,73,2025-10-25
392,40,2025-12-24
171,36,2025-11-02
270,24,2025-09-06
475,61,2025-10-10
487,78,2025-08-13
399,70,2025-12-05
543,65,2025-09-10
459,58,2025-12-17
42,22,2025-12-21
362,65,2025-12-21
279,52,2025-10-09
100,42,2025-12-15
247,96,2025-07-17
345,96,2025-05-11
560,11,2025-11-01
69,11,2025-09-04
537,23,2025-12-15
359,38,2025-09-09
197,14,2025-01-20
94,17,2025-12-22
222,86,2025-05-23
122,21,2025-10-05
384,94,2025-12-26
189,24,2025-04-09
301,69,2025-12-03
464,45,2025-12-23
331,42,2025-07-25
75,45,2025-03-13
397,52,2025-10-09
271,32,2025-11-03
503,35,2025-12-13
182,92,2025-11-04
147,79,2025-12-07
108,66,2025-06-04
35,19,2025-12-19
256,67,2025-01-16
152,93,2025-12-01
38,95,2025-07-09
155,99,2025-11-13
588,10,2025-11-23
502,71,2025-12-13
71,79,2025-08-01
393,98,2025-12-04
580,78,2025-09-11
310,61,2025-08-21
92,56,2025-12-28
348,20,2025-12-25
296,92,2025-11-06
567,15,2025-11-22
195,48,2025-12-13
109,90,2025-11-16
86,90,2025-11-24
194,27,2025-09-07
25,85,2025-05-16
398,18,2025-11-21
315,73,2025-12-27
460,12,2025-07-11
57,53,2025-11-13
121,37,2025-11-22
535,68,2025-12-28
549,29,2025-11-19
238,19,2025-09-24
144,72,2025-08-16
46,41,2025-12-01
176,90,2025-07-10
99,68,2025-12-27
65,23,2025-09-16
225,18,2025-07-14
345,96,2025-09-11
123,97,2025-12-18
140,51,2025-05-25
46,85,2025-12-11
64,25,2025-12-05
425,31,2025-07-18
168,66,2025-04-19
41,27,2025-06-26
385,30,2025-10-16
82,10,2025-08-06
91,100,2025-09-14
487,98,2025-07-07
146,91,2025-12-17
461,62,2025-12-06
38,86,2025-03-23
511,88,2025-06-21
308,54,2025-12-01
571,40,2025-08-04
542,22,2025-11-12
552,74,2025-07-15
213,45,2025-07-07
115,29,2025-11-16
180,30,2025-11-02
55,92,2025-10-10
214,65,2025-11-11
464,15,2025-11-24
53,78,2025-04-06
29,72,2025-12-04
72,40,2025-11-19
593,51,2025-12-07
333,39,2025-12-11
233,22,2025-07-24
422,35,2025-12-08
75,70,2025-12-16
55,65,2025-07-07
465,32,2025-12-12
139,68,2025-12-07
367,44,2025-12-11
130,14,2025-12-19
61,45,2025-03-04
476,68,2025-11-06
351,38,2025-11-20
160,91,2025-12-06
591,80,2025-05-03
421,76,2025-11-28
221,85,2025-09-27
473,45,2025-09-24
438,41,2025-08-11
444,84,2025-07-19
152,83,2025-10-14
45,15,2025-12-24
516,14,2025-12-17
403,71,2025-12-27
100,67,2025-12-08
85,81,2025-10-23
416,37,2025-11-12
302,40,2025-12-03
16,71,2025-12-10
165,100,2025-11-28
584,84,2025-07-15
474,27,2025-12-06
379,90,2025-12-23
1,90,2025-06-13
340,77,2025-04-10
436,44,2025-10-26
82,89,2025-10-24
56,75,2025-12-02
113,59,2025-06-15
41,56,2025-08-06
572,100,2025-08-18
209,27,2025-12-08
552,24,2025-11-24
594,99,2025-06-25
230,51,2025-08-09
515,97,2025-10-09
55,18,2025-10-12
463,72,2025-10-17
125,70,2025-10-22
545,47,2025-11-20
376,96,2025-12-07
468,21,2025-08-13
183,46,2025-05-04
168,45,2025-02-23
151,73,2025-05-28
209,76,2025-12-10
426,97,2025-11-16
355,63,2025-09-24
21,47,2025-11-03
22,39,2025-12-21
343,62,2025-11-11
334,72,2025-10-22
542,80,2025-09-15
311,82,2025-12-26
313,31,2025-06-08
495,57,2025-12-25
48,28,2025-09-10
466,31,2025-11-06
548,46,2025-10-06
157,30,2025-08-04
42,50,2025-12-05
451,43,2025-11-06
210,81,2025-12-02
324,54,2025-08-12
459,79,2025-11-18
308,25,2025-11-13
511,28,2025-12-11
159,10,2025-11-17
339,92,2025-12-16
296,83,2025-11-26
578,66,2025-11-23
115,71,2025-08-05
564,24,2025-10-01
411,89,2025-08-15
365,21,2025-09-02
199,84,2025-12-26
284,35,2025-01-03
551,67,2025-09-17
403,34,2025-10-11
523,17,2025-09-13
151,64,2025-08-13
381,11,2025-11-12
359,49,2025-12-28
574,21,2025-10-24
454,63,2025-10-10
167,64,2025-11-05
88,28,2025-04-10
486,77,2025-12-03
384,21,2025-03-14
279,63,2025-09-18
473,100,2025-10-07
190,58,2025-11-18
502,15,2025-12-27
599,48,2025-08-18
474,38,2025-11-26
2,29,2025-07-10
483,25,2025-11-14
183,72,2025-07-01
122,45,2025-08-03
370,84,2025-10-19
446,43,2025-12-22
487,98,2025-06-12
524,83,2025-10-28
265,30,2025-05-05
327,69,2025-09-12
167,16,2025-09-12
429,91,2025-09-02
296,47,2025-11-17
198,90,2025-10-25
96,86,2025-06-18
330,50,2025-09-09
371,22,2025-11-27
147,11,2025-11-17
288,57,2025-12-14
348,30,2025-09-07
158,74,2025-04-27
192,81,2025-10-23
538,78,2025-12-18
116,63,2025-12-03
119,26,2025-05-16
356,49,2025-07-05
452,86,2025-12-25
350,32,2025-10-01
121,38,2025-03-28
145,98,2025-12-10
128,36,2025-08-03
435,98,2025-07-03
19,71,2025-12-02
201,23,2025-02-26
525,85,2025-10-16
121,42,2025-01-03
308,95,2025-11-25
98,25,2025-11-07
204,33,2025-11-01
92,28,2025-08-19
356,55,2025-04-28
512,88,2025-05-17
583,18,2025-12-27
592,11,2025-10-07
196,46,2025-03-25
550,10,2025-12-04
219,74,2025-09-12
189,66,2025-12-04
185,55,2025-09-14
219,75,2025-05-14
115,50,2025-08-15
112,76,2025-09-16
369,100,2025-09-18
41,20,2025-08-16
118,59,2025-10-15
319,97,2025-12-15
231,80,2025-07-10
438,34,2025-06-27
487,96,2025-10-06
13,96,2025-09-22
107,60,2025-11-17
87,25,2025-04-13
410,98,2025-10-04
172,18,2025-11-07
346,35,2025-12-04
238,64,2025-12-09
595,85,2025-11-25
409,55,2025-09-22
414,72,2025-12-09
150,68,2025-03-04
256,72,2025-08-08
137,13,2025-08-24
54,18,2025-11-22
27,32,2025-11-20
334,29,2025-08-20
98,19,2025-12-25
532,73,2025-10-07
300,94,2025-08-16
516,43,2025-11-26
553,79,2025-06-25
32,65,2025-04-13
460,50,2025-10-15
470,14,2025-06-06
570,94,2025-05-23
168,72,2025-07-05
319,59,2025-09-25
112,82,2025-11-22
567,97,2025-12-19
481,70,2025-11-17
57,60,2025-12-16
386,88,2025-12-12
291,51,2025-03-01
46,26,2025-12-12
597,13,2025-12-11
389,22,2025-11-12
365,62,2025-09-02
250,41,2025-07-21
319,85,2025-06-23
67,49,2025-04-11
173,12,2025-12-11
38,68,2025-11-28
432,82,2025-12-14
273,12,2025-12-16
22,50,2025-11-19
399,51,2025-11-26
500,22,2025-11-11
508,74,2025-11-06
306,56,2025-12-07
508,91,2025-09-27
548,37,2025-11-09
48,48,2025-10-26
231,89,2025-12-03
592,22,2025-11-11
279,18,2025-12-26
543,70,2025-12-07
355,19,2025-12-27
309,74,2025-11-14
552,50,2025-07-14
411,42,2025-11-17
464,95,2025-11-01
528,33,2025-12-07
478,44,2025-12-26
444,82,2025-04-17
205,56,2025-10-05
246,29,2025-11-28
445,62,2025-11-28
65,91,2025-10-28
422,44,2025-12-21
164,42,2025-10-13
244,24,2025-06-07
28,41,2025-07-15
497,81,2025-09-14
37,35,2025-03-09
139,13,2025-11-26
284,94,2025-09-06
43,72,2025-08-02
85,50,2025-12-10
65,62,2025-11-22
92,60,2025-06-08
114,83,2025-12-17
123,76,2025-12-25
537,42,2025-09-03
243,86,2025-08-25
320,52,2025-12-19
399,40,2025-12-07
147,23,2025-11-07
281,66,2025-10-09
57,72,2025-12-23
115,50,2025-12-14
486,97,2025-12-09
148,56,2025-12-23
376,49,2025-12-21
35,94,2025-12-23
245,42,2025-11-10
371,97,2025-09-18
242,66,2025-12-01
402,42,2025-06-03
241,48,2025-10-28
164,66,2025-11-26
416,14,2025-12-28
82,72,2025-11-24
422,52,2025-12-27
102,30,2025-11-09
518,18,2025-11-14
560,51,2025-08-23
28,16,2025-05-21
454,92,2025-05-01
410,35,2025-11-10
321,83,2025-12-04
161,41,2025-10-28
420,50,2025-09-16
136,43,2025-11-22
335,46,2025-08-03
424,57,2025-08-13
386,83,2025-10-01
23,81,2025-12-20
234,21,2025-12-07
268,99,2025-08-02
410,89,2025-09-20
266,29,2025-02-12
174,82,2025-04-01
538,65,2025-11-27
506,25,2025-12-23
208,34,2025-12-10
506,58,2025-12-14
211,86,2025-10-27
289,96,2025-06-14
184,62,2025-11-01
297,43,2025-12-20
461,41,2025-12-19
469,20,2025-05-16
136,51,2025-12-22
217,59,2025-11-24
262,19,2025-09-18
60,16,2025-09-08
482,55,2025-12-22
46,10,2025-12-17
390,48,2025-11-22
379,26,2025-11-19
183,43,2025-06-17
504,53,2025-09-05
91,50,2025-11-05
266,24,2025-06-02
130,73,2025-05-24
369,65,2025-09-09
270,76,2025-11-14
168,50,2025-12-16
154,81,2025-12-02
193,29,2025-06-08
187,14,2025-12-09
167,100,2025-12-14
118,73,2025-08-15
365,100,2025-11-16
468,73,2025-08-28
151,25,2025-08-03
208,46,2025-11-27
172,75,2025-11-19
599,37,2025-10-01
538,83,2025-10-14
78,41,2025-10-22
96,52,2025-04-10
124,60,2025-08-19
108,51,2025-04-01
83,68,2025-12-16
464,90,2025-12-20
5,52,2025-01-21
463,51,2025-11-05
216,16,2025-12-11
56,19,2025-12-03
408,42,2025-10-08
408,21,2025-09-28
213,30,2025-10-25
412,46,2025-11-25
157,25,2025-09-16
442,49,2025-10-12
98,57,2025-11-07
501,67,2025-12-16
274,82,2025-12-14
92,64,2025-09-20
190,65,2025-12-14
95,15,2025-12-11
474,96,2025-11-21
158,73,2025-09-21
537,20,2025-06-15
447,20,2025-12-10
152,26,2025-12-10
254,76,2025-10-10
582,16,2025-11-02
525,23,2025-12-14
422,22,2025-12-22
582,42,2025-12-09
599,20,2025-09-01
116,94,2025-12-06
186,60,2025-05-03
426,100,2025-12-11
465,95,2025-12-20
271,53,2025-10-07
189,20,2025-11-09
108,65,2025-10-01
5,60,2025-02-01
175,93,2025-10-15
414,94,2025-11-10
369,98,2025-11-26
309,21,2025-10-05
14,34,2025-05-27
16,99,2025-05-28
27,36,2025-11-21
148,93,2025-08-14
551,34,2025-09-10
474,28,2025-12-14
22,24,2025-10-05
455,72,2025-10-01
460,84,2025-08-07
301,82,2025-10-02
341,11,2025-06-21
442,63,2025-12-24
592,86,2025-10-10
37,72,2025-07-16
525,85,2025-12-20
499,39,2025-11-17
19,64,2025-11-18
65,44,2025-12-16
119,73,2025-10-15
446,12,2025-08-10
196,70,2025-06-15
237,74,2025-09-19
347,87,2025-12-05
300,59,2025-07-27
368,70,2025-06-20
212,46,2025-06-22
494,26,2025-12-07
160,87,2025-10-04
425,73,2025-06-08
214,81,2025-10-01
367,43,2025-12-22
162,32,2025-09-26
65,53,2025-12-04
232,25,2025-10-08
498,43,2025-09-26
363,15,2025-11-05
527,87,2025-08-23
51,66,2025-10-27
113,23,2025-10-20
104,81,2025-09-17
107,31,2025-08-28
210,56,2025-10-24
299,100,2025-09-25
518,73,2025-09-05
372,52,2025-03-04
206,66,2025-12-25
6,41,2025-11-11
293,74,2025-10-03
272,57,2025-12-25
424,56,2025-12-22
251,29,2025-11-14
233,27,2025-10-14
419,68,2025-12-26
370,13,2025-10-05
10,76,2025-05-03
346,50,2025-12-25
168,65,2025-01-13
37,94,2025-11-05
588,17,2025-12-23
532,47,2025-09-13
566,48,2025-10-12
8,45,2025-12-20
150,99,2025-08-15
210,79,2025-12-26
452,99,2025-10-26
414,35,2025-08-03
37,78,2025-06-13
129,76,2025-12-10
218,21,2025-12-17
348,91,2025-10-01
28,79,2025-12-09
247,48,2025-10-17
113,17,2025-06-09
519,55,2025-06-02
127,67,2025-12-19
5,68,2025-06-08
595,82,2025-12-21
546,86,2025-09-12
306,46,2025-12-23
386,76,2025-12-08
107,51,2025-12-19
197,56,2025-08-04
150,64,2025-08-03
94,17,2025-11-05
487,37,2025-12-03
378,96,2025-11-19
572,76,2025-11-28
270,84,2025-12-21
433,66,2025-12-24
426,30,2025-11-17
130,72,2025-12-15
132,100,2025-12-28
541,25,2025-07-15
484,14,2025-09-18
378,25,2025-11-04
123,57,2025-12-10
41,76,2025-07-04
380,49,2025-09-10
301,72,2025-07-26
146,28,2025-12-02
312,46,2025-07-06
500,10,2025-11-18
357,18,2025-11-14
492,83,2025-09-19
463,53,2025-08-16
135,27,2025-12-25
460,95,2025-10-05
333,21,2025-12-13
238,60,2025-11-18
46,95,2025-12-24
284,92,2025-02-28
169,100,2025-11-19
316,81,2025-12-04
572,20,2025-09-20
554,83,2025-10-19
534,34,2025-12-17
19,25,2025-10-01
281,36,2025-07-27
593,66,2025-12-26
546,87,2025-10-13
46,72,2025-12-11
447,33,2025-12-01
540,50,2025-10-09
93,24,2025-12-18
172,46,2025-10-06
261,21,2025-08-10
417,96,2025-03-02
333,33,2025-12-23
59,48,2025-09-04
327,28,2025-11-11
264,58,2025-05-02
207,40,2025-12-19
242,73,2025-12-04
275,17,2025-09-15
566,62,2025-08-16
29,62,2025-07-01
275,80,2025-11-22
103,41,2025-12-21
128,48,2025-11-14
456,20,2025-08-26
145,57,2025-12-26
251,78,2025-09-18
462,15,2025-09-27
475,89,2025-07-21
171,10,2025-09-16
279,86,2025-10-27
389,54,2025-08-19
522,46,2025-06-06
546,82,2025-08-10
91,60,2025-06-27
143,81,2025-08-14
215,88,2025-12-26
325,97,2025-09-21
267,100,2025-12-09
251,94,2025-08-11
215,68,2025-12-11
16,98,2025-04-21
2,87,2025-10-01
9,96,2025-12-14
569,99,2025-11-25
402,78,2025-03-26
79,78,2025-12-27
455,96,2025-04-12
385,86,2025-11-13
181,99,2025-04-04
473,57,2025-10-15
9,38,2025-12-25
287,97,2025-09-07
92,88,2025-08-26
226,39,2025-09-12
37,45,2025-08-23
214,10,2025-10-27
405,24,2025-12-09
582,74,2025-12-06
565,34,2025-10-03
131,18,2025-08-09
583,39,2025-12-07
23,98,2025-12-18
258,97,2025-12-01
437,92,2025-11-21
53,51,2025-08-28
416,45,2025-11-22
530,69,2025-12-12
529,15,2025-06-02
284,63,2025-09-15
323,10,2025-08-07
342,20,2025-09-24
231,98,2025-07-03
255,35,2025-10-11
318,18,2025-04-01
491,65,2025-05-19
342,42,2025-10-04
484,40,2025-10-27
55,52,2025-08-03
449,22,2025-12-19
127,20,2025-11-02
386,50,2025-12-03
130,17,2025-08-02
308,88,2025-12-03
104,96,2025-09-18
53,47,2025-08-13
98,89,2025-10-08
10,68,2025-10-15
438,89,2025-06-11
26,68,2025-10-11
197,23,2025-02-01
69,85,2025-12-27
198,83,2025-10-21
521,42,2025-09-14
492,89,2025-10-06
248,27,2025-02-02
130,49,2025-10-14
525,93,2025-11-10
597,79,2025-08-05
480,49,2025-10-10
377,11,2025-10-19
148,17,2025-08-17
572,16,2025-11-12
200,35,2025-07-26
70,53,2025-05-22
487,98,2025-12-20
339,84,2025-12-20
306,63,2025-12-06
107,68,2025-08-16
224,10,2025-06-23
235,69,2025-10-07
244,71,2025-09-26
384,36,2025-09-06
6,56,2025-04-03
366,13,2025-12-04
145,47,2025-12-07
599,56,2025-01-01
203,35,2025-06-06
224,43,2025-05-11
567,41,2025-10-07
22,32,2025-11-04
21,96,2025-11-13
113,53,2025-04-10
467,40,2025-12-26
381,94,2025-10-17
444,18,2025-05-05
133,34,2025-08-18
387,98,2025-07-11
439,91,2025-10-02
193,78,2025-08-26
152,51,2025-10-02
286,26,2025-12-07
83,70,2025-12-20
66,31,2025-11-13
521,57,2025-10-17
475,32,2025-08-23
382,77,2025-10-23
506,70,2025-12-19
410,91,2025-12-19
37,36,2025-04-07
462,40,2025-12-07
313,64,2025-08-19
160,57,2025-07-18
86,27,2025-10-10
455,76,2025-08-08
597,15,2025-10-17
344,64,2025-12-15
442,62,2025-11-26
509,50,2025-11-13
25,32,2025-09-08
271,92,2025-10-12
84,47,2025-10-17
559,92,2025-05-26
283,39,2025-02-04
73,56,2025-02-18
205,52,2025-08-22
337,42,2025-08-24
281,34,2025-06-28
556,43,2025-05-25
306,46,2025-12-26
413,61,2025-12-25
12,70,2025-11-25
152,60,2025-10-08
214,70,2025-10-17
565,69,2025-12-11
87,50,2025-05-14
427,36,2025-11-15
571,13,2025-09-05
591,26,2025-06-24
9,73,2025-12-11
230,63,2025-09-22
413,98,2025-12-10
333,85,2025-12-19
32,27,2025-05-11
581,90,2025-12-13
209,60,2025-12-18
395,34,2025-11-04
336,82,2025-11-21
311,21,2025-12-04
566,32,2025-08-27
500,13,2025-11-07
71,59,2025-09-07
238,47,2025-09-15
58,57,2025-05-06
334,62,2025-09-06
113,26,2025-09-14
489,18,2025-10-28
211,26,2025-10-10
442,100,2025-12-06
588,49,2025-11-07
514,97,2025-12-09
206,10,2025-12-15
65,61,2025-10-17
336,82,2025-11-15
473,83,2025-09-24
93,46,2025-12-12
304,60,2025-12-27
179,63,2025-12-06
442,68,2025-12-22
187,99,2025-09-13
44,40,2025-05-09
550,47,2025-12-03
222,73,2025-10-25
566,25,2025-10-03
107,74,2025-10-14
461,31,2025-12-07
518,15,2025-12-01
74,91,2025-12-24
472,58,2025-09-24
408,34,2025-12-02
10,42,2025-05-23
139,51,2025-12-24
475,72,2025-10-03
84,80,2025-12-08
448,27,2025-10-27
285,30,2025-06-27
18,87,2025-02-06
301,25,2025-11-24
400,31,2025-04-22
11,96,2025-09-05
451,55,2025-10-07
35,96,2025-12-15
48,91,2025-12-21
105,59,2025-12-10
454,16,2025-12-01
49,58,2025-09-08
383,40,2025-06-03
16,63,2025-02-01
345,34,2025-04-08
98,95,2025-08-24
171,15,2025-12-17
110,51,2025-07-18
194,89,2025-10-18
404,64,2025-11-08
218,23,2025-12-11
177,11,2025-12-21
323,11,2025-08-07
469,38,2025-06-22
285,93,2025-09-02
68,37,2025-12-10
511,23,2025-07-09
97,86,2025-12-21
397,96,2025-12-05
340,32,2025-09-28
493,18,2025-11-01
599,67,2025-07-17
238,74,2025-09-08
21,88,2025-11-10
242,64,2025-12-20
81,17,2025-11-12
510,47,2025-08-05
384,36,2025-03-08
454,52,2025-05-09
325,92,2025-04-17
424,92,2025-09-25
24,39,2025-09-11
248,36,2025-10-02
254,97,2025-12-24
227,87,2025-12-17
329,33,2025-10-21
6,18,2025-11-03
197,16,2025-11-05
209,26,2025-12-06
562,36,2025-08-17
80,64,2025-12-10
168,35,2025-04-14
180,87,2025-04-10
292,83,2025-11-21
206,44,2025-12-03
368,60,2025-10-06
482,66,2025-11-17
443,29,2025-10-01
390,64,2025-08-25
307,86,2025-11-05
566,32,2025-10-13
474,49,2025-12-10
384,81,2025-12-16
73,52,2025-04-23
480,35,2025-07-07
4,11,2025-10-24
383,72,2025-09-14
404,57,2025-12-16
315,92,2025-12-03
418,14,2025-09-13
579,30,2025-09-25
446,42,2025-12-12
521,100,2025-10-21
377,99,2025-02-21
394,64,2025-07-08
489,14,2025-09-21
28,99,2025-05-09
466,97,2025-04-09
253,87,2025-12-01
119,21,2025-11-13
82,76,2025-09-14
169,64,2025-12-23
309,74,2025-12-19
315,62,2025-12-28
91,23,2025-10-27
146,44,2025-11-24
407,99,2025-09-01
172,72,2025-10-04
71,99,2025-11-17
426,93,2025-12-24
441,31,2025-09-12
190,100,2025-10-07
498,33,2025-12-04
461,82,2025-12-06
205,17,2025-12-06
196,43,2025-07-15
111,91,2025-05-03
300,20,2025-07-04
283,18,2025-06-01
599,40,2025-08-16
103,11,2025-04-09
7,95,2025-12-26
42,22,2025-09-17
7,58,2025-12-17
272,72,2025-08-25
345,87,2025-09-11
379,97,2025-12-11
245,56,2025-11-13
58,55,2025-10-26
102,10,2025-09-28
411,27,2025-07-20
125,77,2025-06-23
254,57,2025-10-20
486,75,2025-12-22
192,10,2025-11-27
329,12,2025-12-12
46,51,2025-12-08
496,61,2025-05-12
438,70,2025-06-24
394,47,2025-07-23
146,76,2025-11-05
509,21,2025-11-27
561,69,2025-03-15
118,71,2025-12-08
249,37,2025-06-25
91,23,2025-11-23
29,30,2025-09-13
287,38,2025-08-22
487,95,2025-06-22
139,78,2025-12-24
503,21,2025-10-28
229,83,2025-12-03
351,58,2025-12-24
390,93,2025-12-28
447,39,2025-12-09
118,47,2025-08-04
91,53,2025-08-24
118,83,2025-10-05
320,58,2025-10-24
1,49,2025-05-19
548,34,2025-11-14
327,56,2025-09-17
227,23,2025-12-01
551,68,2025-11-05
303,38,2025-09-22
466,28,2025-11-10
149,95,2025-03-20
327,49,2025-12-23
126,45,2025-11-16
220,73,2025-12-23
385,17,2025-11-05
215,38,2025-08-28
183,72,2025-10-10
163,12,2025-10-13
345,64,2025-10-12
400,60,2025-04-17
289,46,2025-06-23
561,60,2025-02-05
331,84,2025-12-26
55,100,2025-09-15
167,83,2025-07-15
494,47,2025-12-07
223,35,2025-04-12
589,23,2025-07-13
437,96,2025-03-02
98,55,2025-10-06
53,25,2025-10-21
346,85,2025-12-05
413,41,2025-08-04
246,60,2025-12-10
176,93,2025-12-13
91,69,2025-11-09
455,57,2025-03-04
119,20,2025-06-16
521,38,2025-07-19
586,83,2025-11-09
96,85,2025-06-13
495,92,2025-12-10
585,26,2025-07-11
65,78,2025-10-13
20,60,2025-10-27
549,77,2025-09-03
531,84,2025-10-23
127,36,2025-11-06
184,10,2025-12-26
321,25,2025-12-05
588,36,2025-12-06
89,81,2025-05-28
35,20,2025-12-17
305,56,2025-10-06
433,94,2025-12-08
307,15,2025-11-26
300,94,2025-09-15
143,83,2025-09-23
320,76,2025-08-20
551,75,2025-10-23
101,94,2025-01-08
37,34,2025-03-10
220,27,2025-11-19
367,45,2025-12-24
432,19,2025-12-09
266,58,2025-11-06
409,68,2025-03-09
435,98,2025-08-18
208,19,2025-12-21
197,57,2025-10-22
523,87,2025-06-14
157,50,2025-10-13
26,87,2025-05-03
276,25,2025-12-04
561,62,2025-02-11
91,56,2025-10-25
279,28,2025-09-09
10,22,2025-10-08
387,23,2025-03-06
539,49,2025-10-27
501,22,2025-12-23
585,46,2025-11-09
101,16,2025-03-11
398,33,2025-08-26
544,80,2025-10-28
412,71,2025-10-05
265,11,2025-07-22
129,28,2025-10-19
273,16,2025-12-21
379,100,2025-11-22
428,100,2025-12-06
449,55,2025-12-17
293,45,2025-11-17
234,49,2025-12-10
416,50,2025-11-21
81,19,2025-11-03
169,83,2025-11-03
292,80,2025-11-26
10,64,2025-12-24
139,71,2025-11-17
545,99,2025-05-13
14,88,2025-07-27
7,64,2025-12-18
353,41,2025-11-22
43,87,2025-11-06
536,38,2025-05-03
375,27,2025-10-02
432,73,2025-10-06
382,24,2025-08-22
255,79,2025-09-10
306,71,2025-12-09
218,10,2025-12-07
312,92,2025-10-27
36,69,2025-12-02
364,10,2025-12-15
336,48,2025-09-04
5,54,2025-12-06
411,55,2025-07-04
441,72,2025-09-03
541,75,2025-06-14
126,72,2025-02-05
256,38,2025-08-13
383,48,2025-08-14
186,78,2025-09-04
449,94,2025-12-06
143,55,2025-11-14
5,55,2025-12-07
113,34,2025-05-02
136,60,2025-12-24
339,14,2025-12-22
203,71,2025-12-09
121,63,2025-08-18
507,97,2025-06-11
409,74,2025-08-05
112,23,2025-08-05
159,54,2025-11-01
242,16,2025-12-14
8,65,2025-11-10
288,72,2025-06-25
439,41,2025-12-05
523,33,2025-07-09
117,43,2025-10-22
439,35,2025-11-23
105,99,2025-12-17
185,34,2025-12-19
152,39,2025-10-05
410,14,2025-08-07
149,64,2025-03-20
204,21,2025-09-13
417,77,2025-05-23
236,38,2025-07-14
490,17,2025-12-14
52,48,2025-11-09
372,45,2025-06-23
428,41,2025-11-02
186,15,2025-05-02
329,37,2025-09-16
286,87,2025-11-14
189,42,2025-09-12
342,48,2025-09-04
13,97,2025-10-25
133,52,2025-10-24
370,85,2025-11-20
380,40,2025-08-07
598,59,2025-07-04
133,90,2025-06-02
195,34,2025-12-15
101,19,2025-09-20
351,48,2025-12-16
206,78,2025-12-02
130,34,2025-07-18
258,81,2025-12-12
459,90,2025-11-14
69,71,2025-09-17
515,12,2025-08-20
280,99,2025-10-10
46,82,2025-12-26
194,60,2025-12-22
545,75,2025-05-06
448,75,2025-10-18
399,61,2025-12-07
188,10,2025-10-19
223,85,2025-04-26
525,68,2025-12-23
537,43,2025-06-28
225,47,2025-08-18
121,31,2025-04-02
546,40,2025-10-02
151,45,2025-05-09
52,92,2025-11-27
215,78,2025-08-01
355,90,2025-11-12
332,20,2025-11-24
136,62,2025-12-11
58,90,2025-05-27
364,38,2025-10-06
262,12,2025-09-24
391,93,2025-11-28
564,36,2025-11-08
332,44,2025-10-19
404,29,2025-12-08
444,57,2025-06-16
95,73,2025-09-15
189,32,2025-05-19
502,33,2025-12-01
317,30,2025-09-27
403,97,2025-11-07
71,28,2025-06-14
251,68,2025-09-04
539,27,2025-12-25
12,87,2025-04-13
393,12,2025-06-27
13,92,2025-06-05
254,20,2025-09-05
13,11,2025-12-04
555,53,2025-04-07
142,71,2025-12-19
454,30,2025-07-11
490,29,2025-10-02
556,98,2025-09-21
556,25,2025-05-27
45,23,2025-11-04
523,63,2025-06-01
229,13,2025-09-14
394,28,2025-09-21
293,38,2025-12-13
115,72,2025-09-04
229,23,2025-10-12
78,88,2025-09-04
369,20,2025-05-20
154,32,2025-12-17
342,86,2025-10-22
435,29,2025-12-22
308,89,2025-12-12
106,44,2025-11-22
377,43,2025-03-26
2,29,2025-05-11
151,59,2025-10-24
489,18,2025-07-19
437,45,2025-03-03
330,26,2025-07-25
394,55,2025-09-16
434,71,2025-11-20
341,27,2025-08-13
428,80,2025-12-18
546,73,2025-12-18
235,59,2025-02-19
431,77,2025-10-23
89,40,2025-06-01
208,12,2025-12-18
485,27,2025-06-02
357,56,2025-11-10
471,28,2025-11-08
215,38,2025-08-24
141,25,2025-10-13
26,99,2025-08-12
55,99,2025-06-22
595,19,2025-11-27
161,13,2025-10-12
144,20,2025-09-03
12,82,2025-09-05
186,70,2025-07-24
540,99,2025-08-16
421,53,2025-11-26
13,46,2025-06-05
61,92,2025-01-20
177,74,2025-12-01
405,64,2025-11-15
567,43,2025-12-17
313,100,2025-05-14
160,44,2025-04-17
386,26,2025-12-07
410,89,2025-06-08
401,33,2025-11-27
479,71,2025-09-21
414,58,2025-06-02
380,92,2025-10-07
276,23,2025-08-03
371,87,2025-11-01
245,46,2025-07-18
109,18,2025-10-20
11,49,2025-08-18
206,91,2025-12-08
275,20,2025-11-19
45,82,2025-12-02
49,50,2025-08-10
8,55,2025-08-13
512,34,2025-07-25
400,55,2025-05-23
99,52,2025-12-24
515,22,2025-11-26
153,13,2025-10-26
391,71,2025-12-28
38,47,2025-03-05
474,20,2025-11-23
237,37,2025-09-25
164,74,2025-11-15
134,53,2025-12-12
441,15,2025-11-08
213,88,2025-11-03
156,82,2025-11-16
99,11,2025-12-25
316,80,2025-07-16
96,68,2025-09-06
302,30,2025-03-09
590,56,2025-12-03
72,32,2025-11-09
484,42,2025-11-21
143,25,2025-10-16
40,56,2025-08-13
418,89,2025-10-15
375,75,2025-10-12
85,97,2025-11-17
460,43,2025-12-02
58,41,2025-05-05
107,47,2025-11-06
583,61,2025-12-08
397,69,2025-12-03
357,69,2025-12-21
547,69,2025-05-03
184,23,2025-12-25
443,35,2025-10-11
66,50,2025-08-20
497,37,2025-11-24
487,24,2025-09-15
39,79,2025-08-16
149,91,2025-06-11
581,14,2025-12-02
370,65,2025-10-07
55,37,2025-05-25
433,44,2025-12-21
180,20,2025-03-03
280,61,2025-09-10
462,63,2025-10-22
265,33,2025-05-03
438,53,2025-09-06
203,54,2025-08-16
486,78,2025-12-23
447,55,2025-12-27
10,81,2025-07-03
592,88,2025-04-11
324,11,2025-08-15
151,73,2025-08-04
416,43,2025-11-15
128,91,2025-10-21
592,22,2025-02-07
192,63,2025-11-18
170,86,2025-08-07
356,36,2025-05-22
590,11,2025-12-27
372,12,2025-05-10
514,25,2025-12-21
466,62,2025-08-12
360,79,2025-08-17
343,24,2025-04-15
438,57,2025-07-18
166,79,2025-10-13
291,94,2025-09-21
290,99,2025-12-03
106,21,2025-08-20
421,23,2025-11-24
557,22,2025-12-15
515,84,2025-07-22
296,63,2025-11-08
465,80,2025-12-04
200,70,2025-05-12
475,62,2025-09-01
383,38,2025-11-10
274,94,2025-07-10
424,96,2025-08-01
424,14,2025-07-01
157,57,2025-11-27
325,52,2025-06-19
440,40,2025-11-13
197,88,2025-11-13
52,83,2025-12-05
399,32,2025-12-11
529,30,2025-09-08
101,100,2025-03-17
121,90,2025-10-26
401,90,2025-12-27
566,30,2025-10-07
95,21,2025-08-14
11,90,2025-07-01
556,20,2025-11-01
133,68,2025-10-06
245,93,2025-08-10
198,78,2025-10-24
387,43,2025-12-02
281,20,2025-06-21
23,91,2025-11-28
105,24,2025-10-20
125,23,2025-04-10
268,33,2025-07-03
506,56,2025-12-13
103,72,2025-04-14
75,72,2025-04-07
429,58,2025-09-21
461,30,2025-12-10
10,32,2025-04-04
351,54,2025-11-20
559,10,2025-06-17
260,25,2025-04-20
30,78,2025-12-17
524,29,2025-10-28
373,24,2025-12-01
335,27,2025-08-03
129,44,2025-08-16
204,21,2025-11-23
564,93,2025-10-15
507,65,2025-12-13
197,42,2025-03-07
287,60,2025-05-19
319,31,2025-12-07
499,65,2025-12-14
278,50,2025-11-04
392,64,2025-12-19
361,57,2025-12-27
65,67,2025-10-02
523,42,2025-10-10
543,55,2025-12-01
117,33,2025-11-14
190,55,2025-10-03
220,94,2025-12-12
148,50,2025-06-01
326,98,2025-11-23
336,37,2025-11-19
329,39,2025-11-03
394,46,2025-07-17
222,23,2025-12-09
76,83,2025-11-22
445,50,2025-11-07
201,16,2025-09-16
47,45,2025-11-04
127,67,2025-11-20
334,85,2025-09-08
590,12,2025-12-01
589,10,2025-12-10
134,61,2025-12-18
540,15,2025-09-21
16,18,2025-09-04
425,48,2025-06-11
354,61,2025-08-18
320,73,2025-10-02
402,48,2025-09-16
124,57,2025-12-04
29,38,2025-04-27
10,27,2025-05-11
446,38,2025-08-03
195,57,2025-12-01
53,43,2025-02-04
49,48,2025-08-09
337,98,2025-10-09
174,27,2025-12-15
122,26,2025-06-28
151,84,2025-09-21
457,95,2025-12-17
540,40,2025-11-22
501,45,2025-12-25
494,38,2025-12-09
303,20,2025-08-18
248,94,2025-12-24
210,98,2025-10-03
506,17,2025-12-01
221,69,2025-12-13
192,72,2025-06-11
213,85,2025-11-17
320,49,2025-11-15
157,74,2025-07-05
224,56,2025-09-15
525,35,2025-11-07
70,45,2025-08-06
314,83,2025-05-05
472,23,2025-12-04
246,12,2025-12-06
273,13,2025-10-22
543,67,2025-11-09
121,80,2025-02-12
441,37,2025-09-13
514,65,2025-12-02
451,44,2025-11-04
50,93,2025-07-24
432,34,2025-08-07
412,32,2025-10-09
542,87,2025-09-17
443,23,2025-12-02
254,24,2025-08-04
54,14,2025-12-09
244,18,2025-12-04
282,38,2025-12-13
402,22,2025-05-24
274,73,2025-06-06
208,54,2025-12-23
294,10,2025-07-06
515,99,2025-11-16
312,98,2025-07-06
322,97,2025-02-06
191,52,2025-09-05
13,95,2025-09-14
342,12,2025-10-09
78,31,2025-12-25
9,86,2025-12-16
597,10,2025-10-28
253,70,2025-12-02
17,82,2025-12-10
233,77,2025-12-06
150,22,2025-03-10
343,67,2025-09-24
359,79,2025-09-22
498,42,2025-09-15
13,55,2025-08-23
341,76,2025-12-04
276,97,2025-12-24
21,28,2025-12-28
225,94,2025-06-12
509,13,2025-10-19
441,56,2025-09-24
91,34,2025-11-21
110,45,2025-12-22
557,67,2025-10-06
271,96,2025-11-11
400,85,2025-09-09
316,34,2025-07-19
532,99,2025-08-27
125,65,2025-09-19
355,46,2025-03-01
510,97,2025-07-15
153,76,2025-08-20
571,95,2025-08-10
498,46,2025-05-26
301,11,2025-10-02
222,46,2025-05-02
500,49,2025-11-14
360,94,2025-02-02
257,27,2025-09-10
514,95,2025-11-03
277,28,2025-12-07
442,84,2025-09-10
224,14,2025-10-12
254,96,2025-12-13
432,61,2025-05-09
309,86,2025-11-06
577,65,2025-12-26
592,27,2025-12-25
204,42,2025-10-14
567,35,2025-11-10
87,48,2025-11-21
472,79,2025-08-13
447,22,2025-12-17
452,98,2025-10-17
366,69,2025-11-14
477,63,2025-11-15
28,81,2025-03-25
431,21,2025-10-20
309,41,2025-11-05
556,82,2025-09-02
402,26,2025-08-22
6,69,2025-12-15
55,20,2025-05-09
109,52,2025-09-27
297,82,2025-12-23
339,17,2025-12-24
598,96,2025-11-24
54,99,2025-10-17
147,81,2025-12-05
228,96,2025-12-10
318,10,2025-10-20
205,24,2025-07-01
156,87,2025-02-17
99,41,2025-12-04
485,13,2025-12-13
56,25,2025-12-13
495,33,2025-12-27
559,43,2025-11-28
126,65,2025-04-21
22,33,2025-10-27
246,31,2025-10-16
491,47,2025-09-22
102,85,2025-09-12
281,60,2025-10-23
109,69,2025-12-27
435,28,2025-07-10
468,25,2025-12-13
11,84,2025-09-02
455,15,2025-08-05
479,68,2025-08-01
162,55,2025-10-12
537,59,2025-10-03
178,93,2025-07-12
576,53,2025-12-23
143,45,2025-12-25
310,60,2025-08-27
495,58,2025-12-20
184,83,2025-12-05
331,85,2025-10-12
598,89,2025-10-03
46,13,2025-12-08
98,95,2025-07-16
487,51,2025-08-25
242,23,2025-12-24
393,63,2025-06-02
256,24,2025-01-28
74,66,2025-07-20
30,32,2025-12-04
460,58,2025-08-21
587,81,2025-12-07
258,72,2025-12-22
292,38,2025-10-24
165,65,2025-12-26
196,21,2025-10-01
98,36,2025-07-26
143,10,2025-08-25
417,82,2025-09-28
73,53,2025-04-22
540,73,2025-07-27
212,83,2025-12-17
360,55,2025-11-18
141,18,2025-12-14
385,19,2025-12-03
130,76,2025-05-04
120,73,2025-10-02
553,52,2025-06-08
296,42,2025-12-23
366,18,2025-10-10
76,78,2025-12-08
530,88,2025-09-13
58,79,2025-06-19
482,43,2025-08-02
346,63,2025-12-07
342,17,2025-10-07
560,52,2025-11-02
241,73,2025-09-26
577,88,2025-12-12
72,63,2025-05-18
490,26,2025-11-24
42,23,2025-08-16
519,38,2025-11-12
441,71,2025-10-26
233,12,2025-04-01
200,78,2025-10-22
18,80,2025-08-02
396,58,2025-11-14
437,80,2025-03-04
448,25,2025-11-12
360,34,2025-07-14
59,40,2025-07-03
10,39,2025-10-24
549,82,2025-06-26
15,41,2025-02-03
58,26,2025-12-06
289,15,2025-08-12
250,47,2025-07-20
407,71,2025-12-04
78,19,2025-09-18
210,73,2025-12-24
365,38,2025-10-23
309,56,2025-11-28
250,77,2025-08-11
554,74,2025-10-02
354,62,2025-12-16
286,20,2025-11-05
533,39,2025-08-24
566,36,2025-08-12
145,14,2025-12-23
450,93,2025-08-04
21,73,2025-11-09
284,85,2025-07-10
86,17,2025-11-28
393,73,2025-05-28
391,59,2025-11-02
229,36,2025-11-06
441,78,2025-08-22
312,14,2025-10-25
356,13,2025-11-25
344,43,2025-08-25
28,53,2025-12-14
437,17,2025-02-18
397,96,2025-11-28
547,69,2025-10-19
581,76,2025-12-06
390,69,2025-09-05
15,45,2025-12-09
87,41,2025-10-10
345,83,2025-09-02
280,56,2025-11-22
256,93,2025-10-01
127,49,2025-12-27
270,32,2025-12-15
17,66,2025-10-15
37,55,2025-08-21
569,37,2025-11-02
593,20,2025-12-20
564,50,2025-08-15
184,43,2025-12-09
506,26,2025-12-21
178,28,2025-05-08
117,93,2025-09-06
518,66,2025-11-02
566,39,2025-08-23
265,42,2025-05-22
361,79,2025-12-02
240,54,2025-12-03
519,66,2025-06-17
79,40,2025-12-11
584,57,2025-12-14
73,92,2025-08-10
146,13,2025-12-20
368,52,2025-10-21
383,70,2025-07-20
31,30,2025-07-02
297,29,2025-12-04
216,50,2025-12-07
387,84,2025-02-22
153,58,2025-12-21
80,19,2025-12-19
515,83,2025-12-18
428,78,2025-09-28
540,16,2025-11-22
537,76,2025-09-11
275,34,2025-11-10
249,52,2025-07-26
370,39,2025-10-11
118,98,2025-09-15
419,56,2025-08-12
573,74,2025-03-12
495,87,2025-12-15
428,39,2025-10-18
250,62,2025-11-19
141,87,2025-11-26
293,53,2025-11-04
83,62,2025-08-17
151,83,2025-10-21
202,33,2025-11-01
170,25,2025-08-09
567,70,2025-12-04
129,14,2025-10-01
170,19,2025-04-17
542,59,2025-08-12
130,61,2025-12-18
247,47,2025-05-11
344,85,2025-06-24
46,19,2025-12-15
418,90,2025-12-24
446,47,2025-10-23
137,33,2025-12-27
521,20,2025-08-01
378,96,2025-12-13
328,66,2025-04-17
286,22,2025-11-10
505,53,2025-02-19
530,77,2025-11-10
330,59,2025-10-25
182,28,2025-08-27
215,65,2025-12-09
588,88,2025-09-04
355,46,2025-04-04
294,45,2025-10-15
229,31,2025-10-09
108,39,2025-12-09
144,22,2025-09-18
520,31,2025-11-20
40,79,2025-12-26
199,10,2025-12-27
26,57,2025-05-10
584,64,2025-12-15
533,26,2025-12-15
302,24,2025-03-15
442,73,2025-11-03
140,45,2025-12-04
362,20,2025-12-26
227,19,2025-12-06
519,52,2025-08-15
525,96,2025-10-23
322,14,2025-07-04
533,50,2025-07-27
571,94,2025-12-02
8,41,2025-06-19
385,38,2025-12-07
271,70,2025-10-16
191,73,2025-06-05
203,91,2025-03-17
219,10,2025-08-03
502,81,2025-11-23
182,14,2025-11-23
269,88,2025-11-21
597,40,2025-12-12
495,77,2025-12-10
237,47,2025-11-16
401,86,2025-12-18
492,47,2025-07-08
115,46,2025-11-15
333,41,2025-12-04
180,69,2025-06-22
116,54,2025-12-23
131,71,2025-10-20
421,97,2025-10-01
297,44,2025-12-28
418,17,2025-11-09
325,62,2025-10-26
452,64,2025-11-09
55,44,2025-12-24
224,53,2025-03-10
458,62,2025-05-19
170,78,2025-05-25
112,88,2025-12-11
132,87,2025-12-01
21,58,2025-11-25
341,55,2025-06-21
50,76,2025-04-12
548,35,2025-10-27
548,60,2025-12-08
297,30,2025-12-11
423,37,2025-10-01
36,12,2025-11-17
407,72,2025-07-06
289,48,2025-03-08
253,14,2025-12-24
126,58,2025-12-13
134,44,2025-12-03
75,74,2025-09-01
15,79,2025-11-05
97,85,2025-12-07
319,51,2025-09-17
23,48,2025-06-15
207,22,2025-07-21
590,70,2025-12-10
439,21,2025-10-14
574,45,2025-11-10
546,74,2025-09-13
17,73,2025-12-13
381,79,2025-09-15
229,83,2025-08-13
237,67,2025-10-16
576,23,2025-12-11
147,90,2025-11-04
574,31,2025-10-28
501,85,2025-11-03
144,61,2025-12-27
484,76,2025-12-25
238,17,2025-12-09
421,49,2025-12-11
154,14,2025-12-23
578,86,2025-11-28
5,44,2025-12-07
575,72,2025-11-16
320,93,2025-07-11
472,100,2025-10-17
568,20,2025-11-14
79,58,2025-12-25
13,30,2025-10-24
124,31,2025-06-15
116,14,2025-12-16
174,90,2025-11-16
143,80,2025-09-13
9,47,2025-12-14
301,96,2025-09-17
330,88,2025-10-19
169,28,2025-12-17
209,88,2025-12-17
257,70,2025-10-07
338,27,2025-12-17
485,11,2025-10-14
183,29,2025-11-03
5,49,2025-12-07
204,98,2025-09-18
469,52,2025-06-02
479,86,2025-06-03
358,91,2025-11-08
353,90,2025-03-07
281,46,2025-10-19
313,57,2025-11-25
412,42,2025-09-18
207,19,2025-12-05
105,37,2025-09-06
269,82,2025-08-05
534,85,2025-12-11
589,85,2025-09-26
484,36,2025-09-01
237,37,2025-08-26
150,28,2025-04-16
0,51,2025-03-02
140,75,2025-09-14
483,51,2025-11-17
120,40,2025-12-13
386,59,2025-12-16
363,49,2025-11-17
80,87,2025-12-06
284,28,2025-07-18
452,72,2025-10-22
123,81,2025-11-21
356,32,2025-02-28
374,69,2025-10-24
434,37,2025-08-13
383,32,2025-03-07
452,56,2025-12-07
5,85,2025-05-11
96,57,2025-08-17
13,87,2025-08-02
281,92,2025-11-13
44,99,2025-07-09
58,83,2025-05-28
482,87,2025-11-16
177,70,2025-12-02
378,13,2025-07-23
181,26,2025-05-14
122,17,2025-08-21
63,50,2025-04-28
557,45,2025-05-21
17,52,2025-12-28
324,100,2025-08-19
375,76,2025-05-22
412,63,2025-11-22
62,18,2025-08-27
513,28,2025-07-03
176,66,2025-07-09
203,98,2025-10-14
177,91,2025-12-10
280,81,2025-11-04
349,69,2025-12-27
88,82,2025-08-03
119,21,2025-07-24
88,33,2025-06-19
20,31,2025-02-07
383,68,2025-04-24
252,49,2025-12-21
195,26,2025-11-02
388,100,2025-09-06
285,27,2025-09-14
231,34,2025-05-07
181,47,2025-08-23
450,43,2025-02-16
363,84,2025-11-12
535,67,2025-12-22
174,14,2025-12-13
159,78,2025-12-07
444,54,2025-08-07
350,99,2025-12-18
275,21,2025-11-25
215,43,2025-09-15
267,14,2025-11-17
190,70,2025-10-15
330,57,2025-11-22
34,51,2025-12-04
367,11,2025-12-14
486,52,2025-12-21
102,33,2025-08-10
166,69,2025-11-06
22,66,2025-12-15
589,98,2025-11-24
408,70,2025-10-09
382,86,2025-08-16
410,48,2025-06-08
519,23,2025-09-14
275,83,2025-10-19
29,30,2025-12-06
307,86,2025-11-07
581,27,2025-12-22
341,16,2025-06-10
144,54,2025-11-13
169,68,2025-11-22
151,35,2025-05-10
314,20,2025-06-08
208,65,2025-11-24
250,29,2025-11-18
383,10,2025-10-06
352,22,2025-11-18
403,99,2025-08-16
385,69,2025-12-08
98,59,2025-08-11
136,61,2025-12-10
434,86,2025-11-18
73,54,2025-09-22
27,38,2025-12-06
240,57,2025-12-11
513,10,2025-12-20
407,19,2025-12-08
141,73,2025-10-02
216,48,2025-12-03
347,59,2025-07-14
154,46,2025-12-13
492,14,2025-09-14
183,30,2025-10-22
529,23,2025-10-26
84,54,2025-12-24
103,93,2025-10-26
12,30,2025-08-05
588,74,2025-10-22
465,11,2025-12-21
411,64,2025-07-10
435,43,2025-12-21
118,87,2025-11-17
381,70,2025-11-28
547,56,2025-05-26
183,64,2025-12-25
392,96,2025-12-05
7,53,2025-12-19
264,35,2025-12-27
465,65,2025-12-15
288,15,2025-06-28
501,68,2025-12-02
378,42,2025-11-11
303,13,2025-10-09
183,47,2025-09-14
17,67,2025-11-10
36,86,2025-11-12
37,78,2025-12-13
254,32,2025-07-18
96,26,2025-06-21
505,65,2025-06-12
469,98,2025-08-27
536,82,2025-10-02
78,51,2025-09-02
150,87,2025-12-26
103,58,2025-12-24
80,53,2025-12-14
410,12,2025-07-24
263,93,2025-09-27
443,24,2025-08-19
267,48,2025-11-23
50,57,2025-10-16
220,65,2025-12-24
190,45,2025-12-22
46,87,2025-12-06
291,44,2025-03-14
212,12,2025-11-22
132,45,2025-11-15
325,22,2025-07-08
18,100,2025-06-08
65,88,2025-11-24
471,85,2025-11-21
336,79,2025-10-16
571,11,2025-09-11
327,54,2025-11-05
473,73,2025-10-18
174,96,2025-09-09
412,14,2025-11-28
585,20,2025-12-16
574,54,2025-10-07
542,57,2025-06-10
322,67,2025-11-15
30,29,2025-12-20
360,82,2025-08-14
23,46,2025-10-24
502,40,2025-12-18
134,58,2025-12-04
405,37,2025-07-04
584,47,2025-08-28
162,61,2025-12-12
222,63,2025-08-11
371,90,2025-09-22
325,74,2025-12-18
401,38,2025-12-16
475,46,2025-10-06
181,61,2025-08-01
545,52,2025-11-21
176,97,2025-07-13
594,93,2025-09-14
420,34,2025-12-01
229,27,2025-12-20
515,20,2025-11-19
418,12,2025-11-20
255,31,2025-12-22
93,57,2025-12-24
398,80,2025-11-28
197,30,2025-08-12
245,32,2025-12-23
204,51,2025-10-10
66,13,2025-06-19
472,68,2025-08-22
454,40,2025-05-15
512,92,2025-03-26
339,30,2025-12-15
71,10,2025-05-22
416,76,2025-12-28
394,19,2025-10-09
550,25,2025-12-25
546,13,2025-11-16
61,47,2025-07-27
40,56,2025-10-23
523,90,2025-11-14
127,23,2025-11-28
268,84,2025-07-24
173,56,2025-10-22
347,28,2025-08-26
494,36,2025-12-04
337,92,2025-05-15
503,41,2025-10-11
302,98,2025-09-11
461,99,2025-12-19
281,86,2025-04-25
143,28,2025-10-10
26,38,2025-07-19
371,47,2025-11-23
162,82,2025-11-16
450,96,2025-05-05
131,28,2025-11-10
393,42,2025-08-01
216,84,2025-12-05
598,11,2025-09-12
520,76,2025-12-16
174,54,2025-05-19
513,50,2025-11-12
387,72,2025-12-06
537,71,2025-04-16
388,11,2025-06-11
230,49,2025-06-08
153,45,2025-10-25
122,93,2025-04-12
510,68,2025-05-27
536,39,2025-06-12
33,61,2025-05-11
519,18,2025-08-18
547,78,2025-05-26
57,67,2025-11-08
262,33,2025-10-08
467,32,2025-12-20
272,80,2025-05-03
194,18,2025-10-17
310,17,2025-09-08
249,84,2025-11-15
100,78,2025-11-11
74,35,2025-09-04
452,20,2025-11-07
102,79,2025-10-07
498,48,2025-04-19
440,24,2025-10-25
199,85,2025-12-01
257,62,2025-11-09
504,90,2025-07-11
519,71,2025-10-10
306,43,2025-12-11
281,96,2025-12-17
316,90,2025-10-04
186,72,2025-05-11
521,70,2025-10-06
183,18,2025-10-22
311,22,2025-12-11
551,33,2025-10-25
111,39,2025-06-10
513,49,2025-08-25
543,70,2025-09-22
307,88,2025-06-19
158,51,2025-03-07
405,31,2025-12-06
160,51,2025-11-16
426,44,2025-11-09
483,48,2025-11-05
313,52,2025-07-27
322,67,2025-05-14
576,60,2025-12-01
413,17,2025-11-12
143,68,2025-12-09
19,100,2025-10-07
262,47,2025-11-01
329,64,2025-10-11
571,81,2025-12-07
220,89,2025-12-28
280,23,2025-09-08
164,51,2025-12-24
481,15,2025-12-23
498,41,2025-08-20
384,17,2025-04-02
350,45,2025-12-12
448,46,2025-07-16
137,19,2025-10-25
423,29,2025-10-19
306,83,2025-12-18
90,66,2025-05-11
586,79,2025-10-18
543,47,2025-09-05
69,99,2025-11-24
321,56,2025-12-24
219,33,2025-07-15
233,68,2025-09-11
203,96,2025-06-09
23,27,2025-03-21
420,64,2025-08-26
498,16,2025-12-02
524,57,2025-10-19
447,14,2025-12-26
551,72,2025-11-19
341,91,2025-06-24
77,82,2025-06-18
115,78,2025-09-26
525,21,2025-12-15
195,19,2025-12-14
283,69,2025-08-24
155,93,2025-11-03
186,92,2025-10-15
540,98,2025-10-01
411,83,2025-09-01
399,12,2025-11-08
330,64,2025-07-09
228,84,2025-12-18
468,93,2025-09-25
588,55,2025-12-28
590,29,2025-11-25
151,36,2025-07-06
103,13,2025-12-20
40,26,2025-12-12
70,51,2025-07-08
213,35,2025-09-06
434,44,2025-08-07
363,13,2025-10-15
126,58,2025-02-15
213,58,2025-07-15
449,61,2025-11-07
389,85,2025-06-03
179,74,2025-12-06
214,25,2025-11-24
366,50,2025-11-07
215,21,2025-12-12
489,42,2025-11-04
467,12,2025-12-13
430,61,2025-08-12
369,49,2025-06-14
307,39,2025-04-21
399,70,2025-11-09
331,15,2025-07-28
254,32,2025-11-01
131,76,2025-08-05
481,14,2025-11-20
214,94,2025-11-12
424,30,2025-10-06
178,76,2025-07-24
185,56,2025-06-26
166,13,2025-10-07
313,61,2025-12-12
271,89,2025-11-01
26,52,2025-02-16
35,28,2025-12-02
552,58,2025-12-06
161,22,2025-09-12
228,21,2025-12-03
115,70,2025-11-14
549,66,2025-07-28
0,49,2025-09-16
263,26,2025-11-22
552,56,2025-05-16
504,83,2025-07-05
224,75,2025-05-26
146,38,2025-11-24
97,61,2025-12-20
107,41,2025-09-09
189,94,2025-06-11
473,95,2025-11-25
134,51,2025-12-12
148,84,2025-05-24
394,90,2025-04-26
202,33,2025-10-05
34,40,2025-08-13
330,11,2025-12-16
352,34,2025-12-13
462,37,2025-12-20
269,79,2025-11-04
286,93,2025-12-11
190,42,2025-11-26
499,80,2025-12-22
98,95,2025-09-25
531,43,2025-03-26
374,64,2025-05-18
129,22,2025-07-15
113,25,2025-09-23
302,26,2025-07-10
463,65,2025-10-03
516,33,2025-12-27
523,34,2025-06-27
227,12,2025-11-24
362,77,2025-12-25
155,82,2025-09-26
545,56,2025-12-08
543,31,2025-11-06
102,97,2025-07-21
231,29,2025-09-20
434,35,2025-09-02
410,47,2025-09-17
431,70,2025-12-11
139,48,2025-10-03
257,100,2025-11-22
319,36,2025-11-20
68,17,2025-12-05
147,71,2025-11-25
248,60,2025-04-21
429,60,2025-11-07
254,54,2025-07-08
282,27,2025-12-04
599,96,2025-03-07
454,28,2025-07-25
335,11,2025-06-17
318,77,2025-04-25
482,39,2025-11-10
127,79,2025-12-05
72,53,2025-08-02
390,42,2025-08-21
477,64,2025-12-06
498,47,2025-07-17
105,21,2025-12-20
371,40,2025-12-27
442,63,2025-09-21
107,45,2025-10-09
520,52,2025-12-22
257,55,2025-07-01
103,72,2025-07-19
506,38,2025-12-22
272,23,2025-12-16
574,87,2025-12-13
531,95,2025-08-02
110,85,2025-12-04
589,22,2025-06-25
244,56,2025-10-27
403,15,2025-09-21
450,68,2025-10-28
535,14,2025-11-27
442,95,2025-09-07
580,33,2025-07-21
336,22,2025-08-14
29,68,2025-08-12
352,55,2025-09-09
456,16,2025-10-15
269,30,2025-09-18
560,92,2025-06-24
410,54,2025-12-27
176,73,2025-07-11
360,88,2025-10-24
233,50,2025-08-04
92,91,2025-10-11
509,91,2025-10-25
391,35,2025-11-28
497,54,2025-08-26
448,56,2025-08-06
330,12,2025-06-07
595,49,2025-12-23
573,47,2025-10-18
182,60,2025-12-23
77,35,2025-06-03
414,43,2025-06-23
348,78,2025-11-13
136,59,2025-11-28
300,88,2025-10-03
331,38,2025-09-27
41,41,2025-10-05
280,13,2025-12-08
224,41,2025-06-15
221,28,2025-06-10
249,12,2025-11-27
449,63,2025-11-14
190,76,2025-12-13
589,59,2025-09-23
372,43,2025-07-12
373,40,2025-12-18
365,19,2025-12-05
329,99,2025-08-26
551,84,2025-10-04
519,100,2025-09-18
321,23,2025-12-24
356,99,2025-12-18
229,69,2025-10-19
54,68,2025-12-15
509,85,2025-12-03
175,12,2025-11-15
572,93,2025-08-12
488,100,2025-09-03
362,18,2025-12-09
583,42,2025-12-23
502,65,2025-11-13
220,94,2025-12-10
551,99,2025-11-11
238,82,2025-12-05
552,97,2025-09-28
6,88,2025-04-23
366,85,2025-10-25
72,88,2025-05-17
423,30,2025-10-08
183,33,2025-04-21
506,25,2025-12-03
96,61,2025-10-26
417,58,2025-12-16
141,53,2025-10-04
318,55,2025-05-23
440,42,2025-10-03
188,43,2025-12-07
232,54,2025-12-21
83,53,2025-09-25
96,77,2025-08-01
62,81,2025-05-22
382,22,2025-05-01
541,11,2025-04-11
393,49,2025-05-26
581,82,2025-12-28
71,32,2025-08-21
510,33,2025-08-12
99,97,2025-12-20
383,83,2025-05-15
181,74,2025-06-27
455,13,2025-12-02
550,25,2025-11-10
110,54,2025-12-06
530,31,2025-06-16
197,87,2025-03-20
345,68,2025-11-27
398,67,2025-04-22
567,18,2025-11-08
374,28,2025-08-27
502,34,2025-12-02
366,17,2025-11-26
101,76,2025-02-22
328,77,2025-11-19
544,76,2025-07-25
559,92,2025-07-10
328,27,2025-09-25
202,47,2025-12-14
413,65,2025-11-03
502,13,2025-12-04
329,81,2025-10-20
398,49,2025-10-26
294,97,2025-12-02
540,15,2025-07-03
314,85,2025-12-06
321,16,2025-12-02
310,59,2025-09-12
550,16,2025-12-28
444,75,2025-12-28
182,75,2025-10-22
45,37,2025-09-15
190,38,2025-12-11
74,36,2025-09-07
584,91,2025-11-01
46,58,2025-12-23
119,47,2025-05-08
338,32,2025-12-27
233,57,2025-10-02
159,28,2025-12-08
264,64,2025-08-07
279,62,2025-08-14
423,58,2025-11-27
194,72,2025-11-20
10,90,2025-10-02
459,26,2025-11-03
117,24,2025-10-26
500,18,2025-11-18
335,31,2025-09-22
407,46,2025-11-10
291,82,2025-07-04
122,60,2025-04-03
568,73,2025-11-05
530,14,2025-12-16
111,24,2025-06-02
397,33,2025-10-25
69,40,2025-09-20
379,66,2025-11-15
42,94,2025-12-25
193,36,2025-11-11
44,82,2025-03-05
349,42,2025-05-12
473,35,2025-09-13
389,29,2025-09-17
65,38,2025-10-21
199,52,2025-12-01
451,18,2025-10-20
541,46,2025-12-06
146,80,2025-12-02
114,97,2025-02-14
530,78,2025-05-20
173,51,2025-09-02
146,23,2025-11-01
390,10,2025-12-02
396,82,2025-11-28
229,90,2025-08-19
558,19,2025-03-21
487,83,2025-11-10
396,67,2025-11-22
502,88,2025-12-12
465,71,2025-12-15
549,56,2025-07-05
293,91,2025-12-06
397,42,2025-10-12
21,65,2025-12-05
43,68,2025-11-23
554,39,2025-11-05
361,36,2025-10-14
427,68,2025-11-15
397,69,2025-11-11
333,95,2025-12-05
542,36,2025-05-07
195,82,2025-10-28
372,69,2025-09-28
418,57,2025-11-07
402,28,2025-09-04
555,93,2025-10-10
422,16,2025-12-07
345,80,2025-05-22
393,76,2025-11-06
453,13,2025-09-13
581,95,2025-12-09
576,29,2025-12-19
202,29,2025-11-11
479,41,2025-06-25
498,50,2025-12-24
36,96,2025-11-26
66,20,2025-03-01
54,52,2025-10-11
365,35,2025-12-05
218,49,2025-12-12
323,84,2025-09-16
346,100,2025-12-10
310,22,2025-12-06
155,30,2025-12-04
545,89,2025-10-06
575,80,2025-10-23
287,98,2025-07-04
150,66,2025-03-25
40,27,2025-10-16
388,71,2025-07-25
20,85,2025-07-15
598,83,2025-08-15
20,72,2025-12-19
352,53,2025-08-12
70,32,2025-04-20
307,96,2025-09-05
113,95,2025-04-21
328,47,2025-03-12
506,12,2025-12-06
373,42,2025-12-17
286,76,2025-11-16
326,31,2025-11-21
244,99,2025-08-09
459,65,2025-12-02
279,94,2025-11-22
82,52,2025-12-02
133,89,2025-05-24
587,12,2025-12-13
204,70,2025-12-13
36,98,2025-12-23
384,52,2025-08-26
524,64,2025-11-23
350,26,2025-10-24
267,80,2025-11-16
288,44,2025-06-15
86,95,2025-11-28
521,24,2025-07-26
131,23,2025-08-03
181,57,2025-05-05
585,40,2025-07-28
77,11,2025-05-24
349,89,2025-04-05
596,90,2025-12-15
338,95,2025-12-20
124,17,2025-05-07
83,33,2025-03-23
93,10,2025-12-26
238,36,2025-09-23
81,59,2025-12-21
542,34,2025-09-27
202,100,2025-11-20
190,70,2025-11-24
62,66,2025-07-17
6,20,2025-06-07
269,28,2025-12-19
193,99,2025-06-23
77,34,2025-07-28
329,39,2025-08-13
303,86,2025-09-17
292,37,2025-11-09
353,40,2025-11-01
257,46,2025-08-03
63,18,2025-10-12
61,89,2025-07-03
456,11,2025-06-11
370,99,2025-12-22
67,82,2025-07-24
326,67,2025-12-24
491,57,2025-12-10
500,50,2025-11-08
174,15,2025-08-14
476,69,2025-11-26
412,69,2025-08-15
156,28,2025-12-25
394,63,2025-04-28
142,50,2025-09-28
152,61,2025-11-01
444,94,2025-06-05
188,37,2025-09-01
400,70,2025-05-09
345,35,2025-03-16
401,30,2025-12-27
562,45,2025-08-07
498,87,2025-11-14
445,30,2025-11-22
61,55,2025-02-03
331,100,2025-09-20
296,28,2025-11-17
506,37,2025-12-16
13,49,2025-11-06
346,90,2025-12-22
439,88,2025-10-20
132,77,2025-11-11
382,98,2025-05-12
578,70,2025-10-01
457,57,2025-12-08
214,51,2025-12-08
320,91,2025-09-26
287,81,2025-09-19
339,99,2025-12-05
329,90,2025-11-08
242,41,2025-12-19
481,12,2025-12-17
97,59,2025-11-20
329,20,2025-11-16
473,87,2025-11-03
460,59,2025-08-26
282,28,2025-12-28
60,70,2025-08-08
3,51,2025-12-27
494,81,2025-12-26
279,50,2025-11-11
549,35,2025-12-26
192,86,2025-10-04
302,17,2025-05-17
516,46,2025-10-26
385,64,2025-12-27
11,48,2025-09-07
147,47,2025-11-01
431,20,2025-11-15
151,67,2025-09-18
160,86,2025-10-25
321,23,2025-12-15
282,35,2025-12-10
166,85,2025-08-11
17,25,2025-10-28
334,80,2025-09-12
145,50,2025-12-18
26,90,2025-08-21
331,60,2025-07-11
35,92,2025-12-11
579,82,2025-08-17
57,26,2025-12-03
69,27,2025-07-04
535,30,2025-12-08
94,56,2025-10-11
83,62,2025-07-25
71,73,2025-11-18
63,77,2025-09-21
405,98,2025-07-18
91,36,2025-12-06
118,43,2025-09-08
57,92,2025-11-02
230,71,2025-03-02
224,39,2025-05-28
140,74,2025-07-11
396,91,2025-12-01
522,47,2025-09-01
424,80,2025-07-02
204,85,2025-09-07
235,84,2025-08-01
357,99,2025-11-19
376,75,2025-12-13
217,29,2025-12-01
288,44,2025-10-17
397,30,2025-10-25
262,52,2025-10-11
266,60,2025-02-21
292,67,2025-10-15
524,61,2025-10-06
115,15,2025-11-26
109,36,2025-10-25
583,48,2025-12-19
310,56,2025-11-02
235,82,2025-05-07
523,13,2025-08-01
221,33,2025-12-11
211,73,2025-12-24
335,68,2025-11-20
169,72,2025-12-18
292,95,2025-10-03
109,10,2025-09-20
51,11,2025-07-01
310,66,2025-11-24
581,30,2025-12-02
376,37,2025-12-14
381,19,2025-11-14
22,48,2025-10-04
309,28,2025-11-15
209,25,2025-12-16
178,11,2025-06-03
240,68,2025-12-09
23,99,2025-11-16
64,98,2025-11-07
66,60,2025-09-01
38,73,2025-07-27
476,62,2025-10-01
590,15,2025-11-25
287,100,2025-08-24
490,35,2025-11-01
278,34,2025-08-23
458,10,2025-12-02
576,65,2025-12-26
237,16,2025-10-12
90,86,2025-07-15
483,79,2025-10-12
380,80,2025-12-05
328,91,2025-07-14
178,84,2025-11-12
478,54,2025-10-05
506,96,2025-12-12
442,21,2025-11-05
340,55,2025-11-15
552,97,2025-06-02
351,74,2025-12-05
349,79,2025-05-28
587,27,2025-12-27
405,20,2025-12-14
114,74,2025-09-02
532,23,2025-12-01
260,80,2025-11-06
232,97,2025-07-16
119,51,2025-10-18
404,76,2025-12-08
590,54,2025-12-23
108,38,2025-12-21
464,29,2025-11-23
0,74,2025-03-16
147,19,2025-12-08
415,48,2025-10-18
98,34,2025-07-01
31,47,2025-03-07
190,97,2025-10-03
259,67,2025-10-14
366,94,2025-11-01
307,53,2025-09-12
213,48,2025-10-20
489,91,2025-11-19
42,96,2025-11-02
511,50,2025-10-01
261,99,2025-10-28
392,78,2025-12-14
359,97,2025-12-01
389,14,2025-12-25
88,70,2025-05-18
94,20,2025-09-24
96,68,2025-10-24
345,40,2025-12-16
35,51,2025-12-18
462,37,2025-12-04
10,97,2025-06-19
28,74,2025-10-03
514,33,2025-12-09
578,59,2025-12-21
49,42,2025-12-04
529,72,2025-05-15
300,30,2025-01-10
339,64,2025-12-22
158,19,2025-04-16
497,41,2025-06-13
180,58,2025-01-10
187,38,2025-11-28
597,73,2025-08-23
455,99,2025-04-04
168,27,2025-03-24
576,13,2025-12-16
375,99,2025-11-01
537,98,2025-07-21
556,23,2025-11-16
34,45,2025-10-18
432,18,2025-05-03
269,95,2025-10-16
410,74,2025-07-05
123,13,2025-09-03
584,33,2025-12-07
456,94,2025-10-18
269,71,2025-08-26
189,84,2025-08-04
573,15,2025-05-07
150,48,2025-04-24
400,11,2025-08-02
522,11,2025-06-17
272,84,2025-09-01
310,27,2025-10-08
491,37,2025-08-22
486,71,2025-12-07
101,32,2025-07-18
554,19,2025-10-22
130,75,2025-03-28
69,71,2025-10-03
579,31,2025-09-21
423,90,2025-11-08
268,62,2025-07-25
442,15,2025-11-25
404,13,2025-11-22
382,60,2025-10-20
230,26,2025-10-20
521,62,2025-12-28
161,40,2025-11-16
76,65,2025-12-01
427,18,2025-12-03
149,92,2025-03-12
284,60,2025-05-15
349,48,2025-11-20
334,49,2025-12-16
523,72,2025-10-25
573,97,2025-11-20
587,27,2025-12-11
93,98,2025-12-11
545,76,2025-05-09
274,44,2025-07-20
525,39,2025-11-11
245,82,2025-08-12
313,34,2025-07-17
421,45,2025-11-20
434,95,2025-08-25
142,98,2025-08-07
370,79,2025-11-11
209,69,2025-12-04
298,91,2025-11-07
345,33,2025-10-12
251,60,2025-10-23
277,82,2025-10-18
349,28,2025-07-20
73,42,2025-03-13
563,60,2025-12-03
193,42,2025-09-15
563,84,2025-12-17
581,63,2025-12-09
52,64,2025-12-20
110,70,2025-08-13
320,25,2025-07-06
125,56,2025-02-02
71,45,2025-06-18
548,44,2025-10-26
98,97,2025-10-07
40,94,2025-04-01
114,53,2025-10-24
283,46,2025-07-08
236,38,2025-11-20
584,44,2025-11-12
242,29,2025-12-18
598,50,2025-08-06
392,36,2025-12-06
93,83,2025-12-26
497,25,2025-06-08
416,38,2025-11-15
169,32,2025-11-09
109,10,2025-10-22
315,65,2025-12-28
395,67,2025-10-08
102,20,2025-09-23
454,66,2025-05-24
393,88,2025-11-01
554,44,2025-10-22
503,65,2025-12-11
329,12,2025-10-17
397,66,2025-12-07
381,28,2025-09-20
386,31,2025-11-07
223,50,2025-09-13
280,41,2025-11-08
388,86,2025-12-01
576,41,2025-11-15
22,59,2025-12-12
368,58,2025-04-16
446,67,2025-10-03
447,42,2025-12-08
275,56,2025-09-16
161,31,2025-10-28
599,92,2025-09-20
543,35,2025-09-13
373,16,2025-12-03
162,21,2025-09-09
81,77,2025-12-15
152,47,2025-10-28
446,45,2025-08-08
419,49,2025-09-17
68,39,2025-09-20
53,83,2025-12-26
180,46,2025-09-16
433,31,2025-12-01
200,87,2025-05-03
103,44,2025-06-18
127,69,2025-12-24
183,29,2025-12-06
251,11,2025-08-28
175,44,2025-11-27
21,74,2025-11-13
138,31,2025-02-16
159,26,2025-06-28
376,83,2025-12-15
251,68,2025-05-23
112,41,2025-09-21
43,18,2025-11-05
0,46,2025-09-17
501,96,2025-12-18
554,61,2025-12-15
532,55,2025-12-19
414,42,2025-12-14
170,74,2025-09-05
37,36,2025-02-20
376,48,2025-12-20
422,58,2025-12-10
382,13,2025-08-16
203,12,2025-05-14
150,67,2025-11-26
143,93,2025-12-10
405,41,2025-07-01
232,66,2025-06-16
408,69,2025-12-12
209,69,2025-12-14
52,41,2025-11-21
103,47,2025-09-02
358,69,2025-09-21
443,19,2025-11-10
363,75,2025-12-02
490,18,2025-11-11
198,49,2025-10-01
103,28,2025-12-09
61,13,2025-09-07
533,57,2025-06-15
413,52,2025-12-15
355,89,2025-07-10
376,16,2025-12-15
499,65,2025-11-22
561,82,2025-09-03
157,58,2025-09-22
450,91,2025-05-05
145,35,2025-12-20
393,45,2025-11-08
42,15,2025-10-01
136,34,2025-12-19
198,63,2025-10-14
560,82,2025-05-07
0,18,2025-04-28
38,43,2025-12-16
67,38,2025-10-06
505,24,2025-03-22
470,53,2025-10-24
381,70,2025-11-19
571,80,2025-12-11
334,77,2025-07-22
532,97,2025-07-26
251,38,2025-03-14
494,44,2025-12-17
307,73,2025-09-02
307,42,2025-04-27
151,81,2025-06-28
224,41,2025-10-05
100,99,2025-12-14
409,63,2025-11-11
306,20,2025-12-06
492,94,2025-07-25
321,17,2025-12-13
442,29,2025-12-16
31,52,2025-07-04
315,40,2025-11-16
405,85,2025-07-13
440,40,2025-07-08
168,53,2025-03-20
334,85,2025-09-28
84,22,2025-03-03
8,29,2025-12-14
504,21,2025-12-26
155,16,2025-09-16
181,14,2025-06-10
375,96,2025-10-22
585,21,2025-07-06
317,52,2025-08-02
596,20,2025-06-20
0,34,2025-04-13
502,23,2025-12-19
298,88,2025-11-27
291,27,2025-04-15
266,30,2025-11-25
527,22,2025-11-20
229,98,2025-10-02
402,53,2025-12-06
484,67,2025-10-17
313,47,2025-12-23
410,63,2025-12-08
316,95,2025-09-07
246,69,2025-10-23
158,14,2025-02-02
120,28,2025-10-15
129,29,2025-05-10
340,98,2025-09-19
244,71,2025-10-14
125,92,2025-12-22
565,85,2025-11-23
214,70,2025-12-02
372,30,2025-07-07
353,18,2025-03-02
258,59,2025-12-27
509,69,2025-12-26
331,67,2025-07-27
334,100,2025-09-22
322,82,2025-12-06
7,31,2025-11-14
95,72,2025-10-05
43,27,2025-09-17
507,45,2025-07-24
184,63,2025-11-25
9,90,2025-12-23
351,88,2025-11-11
2,23,2025-10-25
513,35,2025-06-05
340,97,2025-12-09
543,60,2025-10-14
40,68,2025-12-10
551,68,2025-09-10
340,12,2025-10-19
64,70,2025-12-15
585,39,2025-09-27
228,67,2025-12-10
39,39,2025-12-19
260,60,2025-05-01
543,39,2025-09-08
460,40,2025-10-01
440,16,2025-04-26
280,78,2025-12-01
513,91,2025-07-25
52,73,2025-11-18
565,46,2025-09-28
240,59,2025-12-06
558,93,2025-06-01
439,20,2025-11-21
251,71,2025-03-04
132,43,2025-10-22
299,95,2025-06-14
165,64,2025-10-24
167,56,2025-06-25
295,49,2025-10-23
561,91,2025-02-03
159,25,2025-03-08
67,44,2025-05-04
462,53,2025-09-17
547,69,2025-12-04
492,95,2025-11-09
85,55,2025-10-12
180,59,2025-04-18
256,12,2025-10-26
88,18,2025-03-05
350,30,2025-12-27
547,34,2025-11-25
359,13,2025-10-28
398,65,2025-04-26
524,61,2025-10-06
194,89,2025-12-25
68,39,2025-12-18
468,59,2025-10-21
377,35,2025-02-02
463,34,2025-02-19
363,12,2025-11-21
346,63,2025-12-11
474,20,2025-11-27
98,86,2025-11-18
119,85,2025-07-16
506,80,2025-12-04
33,91,2025-09-08
319,78,2025-12-14
300,14,2025-02-02
307,95,2025-05-23
264,58,2025-06-09
348,62,2025-09-17
372,19,2025-08-10
307,62,2025-03-01
291,51,2025-05-23
95,27,2025-12-20
102,56,2025-06-04
270,52,2025-11-04
187,83,2025-10-19
80,39,2025-12-09
318,80,2025-11-28
81,80,2025-12-18
304,22,2025-11-25
41,49,2025-09-03
341,44,2025-05-05
70,22,2025-11-01
109,71,2025-09-16
369,61,2025-06-09
162,85,2025-10-03
342,31,2025-10-21
582,99,2025-11-21
17,70,2025-10-24
129,31,2025-12-08
417,10,2025-11-17
279,83,2025-09-16
560,40,2025-01-14
216,88,2025-12-07
540,47,2025-09-05
414,85,2025-10-19
294,44,2025-08-20
127,100,2025-12-09
509,10,2025-09-13
195,42,2025-12-05
590,33,2025-11-22
254,26,2025-12-02
236,41,2025-02-24
73,97,2025-08-05
223,45,2025-05-19
2,93,2025-06-23
113,99,2025-01-14
109,53,2025-10-15
147,28,2025-11-28
377,51,2025-08-13
531,97,2025-06-15
206,91,2025-12-07
398,55,2025-06-28
248,72,2025-09-09
447,16,2025-12-01
443,69,2025-08-02
61,68,2025-09-10
208,62,2025-11-10
144,46,2025-10-06
436,11,2025-12-26
542,18,2025-11-15
356,48,2025-12-08
460,35,2025-12-28
282,71,2025-12-09
164,71,2025-10-15
136,12,2025-11-21
497,59,2025-07-18
521,92,2025-08-04
274,57,2025-11-09
101,44,2025-11-17
317,61,2025-08-03
580,23,2025-08-10
258,41,2025-12-21
508,77,2025-09-05
20,51,2025-10-14
581,53,2025-12-16
198,33,2025-09-24
313,64,2025-06-23
278,85,2025-08-21
411,95,2025-11-19
577,55,2025-12-13
483,89,2025-10-08
332,15,2025-11-12
482,40,2025-12-11
504,39,2025-09-18
16,98,2025-03-04
578,27,2025-10-14
44,36,2025-10-14
547,19,2025-05-22
561,66,2025-12-05
226,37,2025-05-12
99,14,2025-12-01
418,25,2025-11-21
460,36,2025-07-11
242,88,2025-12-03
256,86,2025-09-24
246,15,2025-12-23
283,79,2025-03-22
6,72,2025-07-26
421,52,2025-10-03
515,84,2025-08-19
284,10,2025-07-23
357,55,2025-12-18
168,13,2025-12-04
585,12,2025-12-09
197,32,2025-03-08
46,32,2025-12-27
214,35,2025-10-10
471,17,2025-12-08
137,14,2025-08-24
209,56,2025-12-27
442,29,2025-09-27
162,70,2025-12-01
175,57,2025-03-18
179,97,2025-12-04
86,30,2025-10-03
157,63,2025-07-14
234,99,2025-12-09
532,81,2025-11-19
599,52,2025-08-06
545,94,2025-07-15
435,32,2025-11-27
455,45,2025-08-09
219,12,2025-05-13
302,58,2025-10-15
93,84,2025-12-26
129,16,2025-07-24
546,24,2025-12-16
404,93,2025-11-02
530,33,2025-08-26
129,40,2025-04-17
556,19,2025-08-18
565,20,2025-11-17
550,21,2025-11-09
340,80,2025-06-27
182,15,2025-11-16
210,27,2025-10-23
91,76,2025-07-20
452,19,2025-11-24
559,20,2025-09-15
168,97,2025-05-28
345,13,2025-03-25
11,13,2025-05-28
31,20,2025-07-06
599,20,2025-02-23
194,71,2025-09-15
551,92,2025-11-02
26,29,2025-07-11
388,96,2025-06-26
516,92,2025-11-25
299,43,2025-04-03
558,28,2025-12-22
590,79,2025-12-10
502,76,2025-11-05
179,46,2025-12-11
388,70,2025-05-17
445,69,2025-10-02
50,10,2025-11-09
251,58,2025-08-21
349,21,2025-08-24
528,45,2025-11-13
386,82,2025-10-08
422,29,2025-12-17
233,51,2025-09-22
50,56,2025-05-27
174,83,2025-09-24
42,80,2025-08-21
481,16,2025-12-07
246,62,2025-12-20
363,12,2025-10-05
66,17,2025-07-26
48,25,2025-10-09
541,25,2025-12-17
5,43,2025-11-24
264,92,2025-06-18
485,73,2025-08-17
198,58,2025-10-17
65,61,2025-11-08
158,96,2025-02-05
409,89,2025-12-10
174,76,2025-12-21
314,62,2025-08-06
21,41,2025-12-25
133,57,2025-11-07
106,49,2025-10-03
473,15,2025-12-10
399,30,2025-12-25
382,47,2025-03-06
412,39,2025-12-22
377,53,2025-10-22
191,47,2025-05-28
23,95,2025-03-16
386,49,2025-11-26
286,47,2025-11-25
231,23,2025-06-08
569,99,2025-12-17
182,45,2025-10-24
137,69,2025-12-27
63,96,2025-08-02
296,97,2025-11-28
298,40,2025-11-07
213,55,2025-08-27
538,42,2025-12-11
125,60,2025-05-26
144,23,2025-08-04
465,77,2025-12-24
126,79,2025-02-20
203,40,2025-11-03
202,73,2025-10-05
414,92,2025-09-08
40,62,2025-04-24
78,20,2025-11-25
517,73,2025-09-13
97,69,2025-12-25
565,77,2025-09-01
189,36,2025-02-26
30,85,2025-12-11
424,24,2025-11-05
536,11,2025-06-23
386,52,2025-11-21
509,43,2025-11-27
122,63,2025-01-20
218,60,2025-12-20
354,27,2025-08-03
318,87,2025-04-26
126,77,2025-12-25
588,46,2025-07-18
299,38,2025-05-13
542,71,2025-07-27
27,85,2025-09-25
417,34,2025-03-27
161,37,2025-10-03
245,67,2025-09-11
345,63,2025-04-03
261,14,2025-12-24
301,26,2025-11-18
417,15,2025-06-21
21,53,2025-11-16
404,64,2025-12-26
47,76,2025-12-04
119,26,2025-11-25
18,15,2025-04-28
56,76,2025-11-12
399,60,2025-11-27
27,59,2025-09-22
466,19,2025-07-24
217,22,2025-09-25
223,42,2025-09-12
53,65,2025-10-18
187,65,2025-09-16
496,64,2025-12-21
146,89,2025-11-17
270,47,2025-09-04
247,48,2025-12-01
540,67,2025-07-11
305,40,2025-09-28
563,77,2025-12-14
47,37,2025-10-21
383,88,2025-04-02
104,95,2025-11-15
18,87,2025-01-17
377,82,2025-11-23
66,47,2025-07-19
186,12,2025-12-09
596,31,2025-09-25
586,89,2025-11-25
586,58,2025-10-27
565,92,2025-12-03
534,47,2025-12-18
374,84,2025-11-21
582,41,2025-11-11
578,23,2025-11-01
512,49,2025-11-20
199,32,2025-12-04
189,38,2025-06-25
144,65,2025-11-19
573,17,2025-08-20
23,81,2025-09-05
407,91,2025-07-15
427,13,2025-11-06
221,49,2025-10-24
233,76,2025-07-11
370,93,2025-06-17
141,94,2025-09-27
291,10,2025-08-14
120,28,2025-12-19
444,53,2025-04-18
150,61,2025-11-25
367,79,2025-12-14
272,21,2025-09-13
586,58,2025-10-14
74,37,2025-02-18
493,64,2025-10-22
149,34,2025-11-11
585,53,2025-07-09
196,44,2025-07-18
152,40,2025-12-26
318,75,2025-07-21
41,13,2025-12-06
489,38,2025-07-01
526,65,2025-11-13
398,18,2025-03-04
396,74,2025-11-03
83,95,2025-05-27
342,13,2025-09-03
384,77,2025-03-20
285,20,2025-08-21
74,51,2025-02-15
417,32,2025-11-17
200,84,2025-11-21
421,90,2025-10-02
377,38,2025-12-09
276,12,2025-11-15
453,86,2025-10-13
166,17,2025-12-15
143,61,2025-12-28
421,95,2025-10-20
140,54,2025-02-18
94,72,2025-11-13
48,30,2025-05-25
269,12,2025-11-17
546,43,2025-08-07
203,35,2025-09-08
91,26,2025-10-12
175,35,2025-08-13
111,69,2025-11-03
475,11,2025-06-28
168,96,2025-02-03
167,10,2025-11-04
224,64,2025-06-27
525,95,2025-11-05
478,73,2025-12-19
353,58,2025-04-07
223,67,2025-05-22
558,47,2025-07-09
50,31,2025-10-11
48,28,2025-10-10
522,15,2025-12-04
441,45,2025-10-02
242,67,2025-12-22
256,23,2025-07-16
547,23,2025-06-15
511,95,2025-07-06
76,11,2025-09-21
94,72,2025-12-18
186,23,2025-08-09
531,63,2025-04-19
559,53,2025-11-26
448,39,2025-10-28
237,79,2025-09-04
527,32,2025-12-22
326,62,2025-11-11
234,83,2025-12-24
23,73,2025-11-18
438,61,2025-06-15
489,99,2025-07-13
508,40,2025-12-17
150,11,2025-07-25
2,58,2025-11-05
86,94,2025-10-06
229,90,2025-10-11
163,21,2025-08-22
374,11,2025-10-18
458,23,2025-12-09
414,82,2025-06-24
74,76,2025-12-25
178,19,2025-07-11
581,60,2025-12-25
40,81,2025-12-25
274,40,2025-09-20
554,46,2025-12-28
16,30,2025-04-02
338,14,2025-12-22
555,65,2025-12-23
256,74,2025-05-21
133,48,2025-10-28
524,80,2025-12-03
86,46,2025-11-15
558,74,2025-10-26
36,98,2025-12-03
365,32,2025-08-18
411,67,2025-10-16
200,79,2025-06-01
462,45,2025-12-25
79,88,2025-12-24
472,73,2025-11-18
504,59,2025-10-05
588,65,2025-11-16
157,26,2025-09-17
590,35,2025-12-24
39,92,2025-11-11
536,10,2025-09-21
190,97,2025-12-26
243,57,2025-08-23
275,13,2025-12-28
369,59,2025-11-24
339,97,2025-12-19
39,13,2025-12-04
171,45,2025-10-25
350,57,2025-10-09
186,77,2025-11-15
403,35,2025-08-12
301,33,2025-12-08
136,97,2025-12-26
400,38,2025-06-18
586,23,2025-10-13
168,43,2025-02-22
335,33,2025-10-24
494,32,2025-12-13
171,83,2025-10-13
226,98,2025-05-11
542,87,2025-12-12
104,38,2025-09-18
400,57,2025-08-01
501,76,2025-12-13
572,51,2025-08-20
328,72,2025-12-10
267,38,2025-11-07
313,90,2025-11-04
524,83,2025-10-27
115,71,2025-12-16
168,16,2025-04-17
341,84,2025-08-09
38,21,2025-06-07
403,49,2025-07-11
300,68,2025-02-11
335,35,2025-06-07
177,56,2025-12-27
429,70,2025-12-28
537,22,2025-05-26
436,67,2025-11-02
16,89,2025-06-28
153,99,2025-12-21
111,46,2025-04-02
362,32,2025-11-13
541,25,2025-12-16
574,17,2025-12-24
134,71,2025-12-09
369,26,2025-08-28
526,77,2025-10-28
356,61,2025-04-05
338,81,2025-12-14
59,51,2025-12-25
597,74,2025-10-26
460,78,2025-10-09
305,31,2025-07-16
345,75,2025-08-24
286,79,2025-12-24
432,56,2025-09-26
294,32,2025-11-05
311,88,2025-12-03
438,52,2025-05-05
6,15,2025-04-05
314,57,2025-07-19
237,19,2025-09-05
118,51,2025-10-03
213,10,2025-09-11
492,14,2025-11-07
435,81,2025-12-06
102,46,2025-08-10
532,77,2025-12-13
395,85,2025-12-23
502,28,2025-12-28
227,64,2025-12-21
451,47,2025-12-14
153,10,2025-07-12
527,100,2025-09-12
294,36,2025-07-17
223,32,2025-12-26
108,27,2025-05-27
64,26,2025-11-20
146,92,2025-11-21
312,89,2025-06-02
386,11,2025-10-17
250,63,2025-08-16
163,36,2025-10-15
353,13,2025-11-06
482,61,2025-12-23
89,95,2025-08-06
185,54,2025-09-15
328,43,2025-07-18
272,71,2025-03-13
158,83,2025-01-11
145,89,2025-12-17
464,58,2025-11-24
104,60,2025-09-18
186,66,2025-06-21
480,32,2025-06-15
220,35,2025-12-26
222,82,2025-06-27
29,51,2025-06-06
158,83,2025-10-20
219,62,2025-04-04
437,51,2025-11-28
599,19,2025-11-10
241,80,2025-10-08
170,51,2025-12-12
250,83,2025-12-18
208,50,2025-12-09
427,25,2025-11-24
474,73,2025-11-06
402,47,2025-05-01
584,52,2025-09-28
259,83,2025-11-20
119,33,2025-12-20
596,66,2025-06-06
584,32,2025-10-03
165,17,2025-11-08
479,77,2025-11-24
115,37,2025-11-23
334,27,2025-10-18
531,41,2025-04-05
28,96,2025-04-05
373,60,2025-12-18
192,32,2025-06-02
271,80,2025-11-20
476,76,2025-12-17
582,66,2025-12-22
215,98,2025-10-22
526,55,2025-04-08
547,60,2025-04-26
41,35,2025-06-09
309,40,2025-12-21
83,83,2025-11-11
112,68,2025-08-12
166,36,2025-12-19
95,12,2025-09-21
591,31,2025-11-24
356,94,2025-02-03
310,35,2025-11-09
523,34,2025-04-20
201,10,2025-11-14
481,20,2025-11-22
511,21,2025-06-05
407,16,2025-12-05
155,24,2025-10-06
120,97,2025-12-15
419,69,2025-09-02
117,87,2025-09-04
115,58,2025-11-04
132,33,2025-10-04
32,67,2025-05-24
351,94,2025-12-17
448,41,2025-08-20
219,14,2025-06-19
197,65,2025-07-11
213,78,2025-07-22
183,68,2025-08-25
533,23,2025-07-25
288,32,2025-06-03
291,12,2025-11-22
404,90,2025-11-11
8,83,2025-09-05
153,86,2025-08-13
131,12,2025-11-07
375,54,2025-11-27
67,93,2025-03-26
219,95,2025-11-20
353,26,2025-12-16
17,22,2025-10-15
121,28,2025-05-07
434,55,2025-10-18
375,59,2025-09-25
133,37,2025-05-09
76,29,2025-08-05
493,16,2025-11-04
370,88,2025-05-16
236,81,2025-09-09
61,31,2025-10-20
62,66,2025-06-14
436,85,2025-09-14
